genome	s1	s2	subject1	subject2	site1	site2	pair_class	popANI	breadth	shared_strain	bray_curtis
Aerococcus_christensenii.fna	11V	12V	11	12	vagina	vagina	other	0.9947496190521607	0.5668880498157143	False	0.6494060168717264
Aerococcus_christensenii.fna	11V	13C	11	13	vagina	cervix	between_cervix_vagina	0.994707272210487	0.5140708537648223	False	0.7966159204251014
Aerococcus_christensenii.fna	11V	3C	11	3	vagina	cervix	between_cervix_vagina	0.9940826691787412	0.6457112217955336	False	0.6044477062880822
Aerococcus_christensenii.fna	11V	3V	11	3	vagina	vagina	other	0.9938739560946408	0.7871001296372346	False	0.7765881538326422
Aerococcus_christensenii.fna	11V	4C	11	4	vagina	cervix	between_cervix_vagina	0.9941021610428018	0.5728671971451487	False	0.7378499913916168
Aerococcus_christensenii.fna	11V	4V	11	4	vagina	vagina	other	0.9937524765013216	0.7878680403664858	False	0.8942090154818437
Aerococcus_christensenii.fna	11V	9V	11	9	vagina	vagina	other	0.994678037843041	0.7776953151652392	False	0.780499591459459
Aerococcus_christensenii.fna	12V	13C	12	13	vagina	cervix	between_cervix_vagina	0.9999394294251852	0.4463318584469536	False	0.7704614714608726
Aerococcus_christensenii.fna	12V	3C	12	3	vagina	cervix	between_cervix_vagina	0.9934808927347678	0.5513502483962702	False	0.635778190142288
Aerococcus_christensenii.fna	12V	3V	12	3	vagina	vagina	other	0.9933071610784198	0.6704324116258981	False	0.6885424423465604
Aerococcus_christensenii.fna	12V	4C	12	4	vagina	cervix	between_cervix_vagina	0.993613215047914	0.492224984326382	False	0.6733534791262362
Aerococcus_christensenii.fna	12V	4V	12	4	vagina	vagina	other	0.9932414453218472	0.6724851084537123	False	0.7572363984748218
Aerococcus_christensenii.fna	12V	9V	12	9	vagina	vagina	other	0.994759969846844	0.6651735426753675	False	0.5297293737773033
Aerococcus_christensenii.fna	13C	3C	13	3	cervix	cervix	other	0.9933807685749276	0.498278154902978	False	0.7159985571382507
Aerococcus_christensenii.fna	13C	3V	13	3	cervix	vagina	between_cervix_vagina	0.9932789266655984	0.606610211603498	False	0.5227860590496283
Aerococcus_christensenii.fna	13C	4C	13	4	cervix	cervix	other	0.9934495335869812	0.4418969004213532	False	0.9167831624262411
Aerococcus_christensenii.fna	13C	4V	13	4	cervix	vagina	between_cervix_vagina	0.993101042718149	0.6089763807910318	False	0.7921837474486005
Aerococcus_christensenii.fna	13C	9V	13	9	cervix	vagina	between_cervix_vagina	0.9947678214071644	0.6024455993501403	False	0.5808065737347841
Aerococcus_christensenii.fna	3C	3V	3	3	cervix	vagina	within_cervix_vagina	0.9999924972865186	0.7721371348240114	True	0.38032435451863983
Aerococcus_christensenii.fna	3C	4C	3	4	cervix	cervix	other	0.999986346398692	0.5657236319538403	True	0.755649156369153
Aerococcus_christensenii.fna	3C	4V	3	4	cervix	vagina	between_cervix_vagina	0.9999908149785988	0.7708729464985716	True	0.711773075069876
Aerococcus_christensenii.fna	3C	9V	3	9	cervix	vagina	between_cervix_vagina	0.993242493698171	0.7543174863507569	False	0.6428769224461935
Aerococcus_christensenii.fna	3V	4C	3	4	vagina	cervix	between_cervix_vagina	0.9999905943168982	0.6843526441747566	True	0.8402982438748549
Aerococcus_christensenii.fna	3V	4V	3	4	vagina	vagina	other	0.9999973033992676	0.9548026926438916	True	0.6030826072227191
Aerococcus_christensenii.fna	3V	9V	3	9	vagina	vagina	other	0.9931114735396408	0.9298452721030198	False	0.580262455528823
Aerococcus_christensenii.fna	4C	4V	4	4	cervix	vagina	within_cervix_vagina	0.9999953002925098	0.6848090135855187	True	0.9138911274781972
Aerococcus_christensenii.fna	4C	9V	4	9	cervix	vagina	between_cervix_vagina	0.993281534550941	0.6697913059374369	False	0.8856829320894586
Aerococcus_christensenii.fna	4V	9V	4	9	vagina	vagina	other	0.9929401626303694	0.9321728204659474	False	0.7015727218977383
Fannyhessea_vaginae.fna	12V	13C	12	13	vagina	cervix	between_cervix_vagina	0.999978844074056	0.8095263213780489	True	0.7704614714608726
Fannyhessea_vaginae.fna	12V	13V	12	13	vagina	vagina	other	0.9999371661420604	0.8067909121113619	True	0.71428756127408
Fannyhessea_vaginae.fna	12V	14V	12	14	vagina	vagina	other	0.9854149649761144	0.774949049320258	False	0.44311418938233743
Fannyhessea_vaginae.fna	12V	3C	12	3	vagina	cervix	between_cervix_vagina	0.9701829912118008	0.7649356565701544	False	0.635778190142288
Fannyhessea_vaginae.fna	12V	3V	12	3	vagina	vagina	other	0.9699315846850708	0.7704099003593093	False	0.6885424423465604
Fannyhessea_vaginae.fna	12V	4V	12	4	vagina	vagina	other	0.9699553086551644	0.7694905617076955	False	0.7572363984748218
Fannyhessea_vaginae.fna	12V	5V	12	5	vagina	vagina	other	0.9796927544817172	0.5689630723174253	False	0.6124363894549463
Fannyhessea_vaginae.fna	12V	9C	12	9	vagina	cervix	between_cervix_vagina	0.9822705168414022	0.7887398141456213	False	0.5539472139968824
Fannyhessea_vaginae.fna	12V	9V	12	9	vagina	vagina	other	0.9826103997683006	0.790013324244988	False	0.5297293737773033
Fannyhessea_vaginae.fna	13C	13V	13	13	cervix	vagina	within_cervix_vagina	0.9999984138037146	0.8637659317209513	True	0.2690404244008342
Fannyhessea_vaginae.fna	13C	14V	13	14	cervix	vagina	between_cervix_vagina	0.98536423162216	0.8220182292112663	False	0.6895407428332337
Fannyhessea_vaginae.fna	13C	3C	13	3	cervix	cervix	other	0.9689612505155628	0.822160719851755	False	0.7159985571382507
Fannyhessea_vaginae.fna	13C	3V	13	3	cervix	vagina	between_cervix_vagina	0.9687012374351344	0.8306300072957948	False	0.5227860590496283
Fannyhessea_vaginae.fna	13C	4V	13	4	cervix	vagina	between_cervix_vagina	0.9687267730139172	0.8295120038088845	False	0.7921837474486005
Fannyhessea_vaginae.fna	13C	5V	13	5	cervix	vagina	between_cervix_vagina	0.980024638801688	0.5883274133495919	False	0.736842799114108
Fannyhessea_vaginae.fna	13C	9C	13	9	cervix	cervix	other	0.9823254474068368	0.8465779982120165	False	0.7290223746256466
Fannyhessea_vaginae.fna	13C	9V	13	9	cervix	vagina	between_cervix_vagina	0.9827050101464156	0.8473329245861435	False	0.5808065737347841
Fannyhessea_vaginae.fna	13V	14V	13	14	vagina	vagina	other	0.9857323278311936	0.8087515285203922	False	0.7323801747531562
Fannyhessea_vaginae.fna	13V	3C	13	3	vagina	cervix	between_cervix_vagina	0.9697687669555308	0.8055311030351191	False	0.7269101888183913
Fannyhessea_vaginae.fna	13V	3V	13	3	vagina	vagina	other	0.969545907043747	0.8127056437939503	False	0.5184701515888595
Fannyhessea_vaginae.fna	13V	4V	13	4	vagina	vagina	other	0.9695381591876844	0.8114869377870793	False	0.8421782509083076
Fannyhessea_vaginae.fna	13V	5V	13	5	vagina	vagina	other	0.9803410836676426	0.5828134365933776	False	0.7577368688247927
Fannyhessea_vaginae.fna	13V	9C	13	9	vagina	cervix	between_cervix_vagina	0.9827331827575244	0.8274102668616778	False	0.716885800254556
Fannyhessea_vaginae.fna	13V	9V	13	9	vagina	vagina	other	0.9831043974221552	0.8282761715231085	False	0.6810022940448933
Fannyhessea_vaginae.fna	14V	3C	14	3	vagina	cervix	between_cervix_vagina	0.9745173435941042	0.8040178250310842	False	0.5441920770536783
Fannyhessea_vaginae.fna	14V	3V	14	3	vagina	vagina	other	0.9742910827315154	0.8108512103141302	False	0.4602584873181883
Fannyhessea_vaginae.fna	14V	4V	14	4	vagina	vagina	other	0.9743614909628106	0.8096578512000384	False	0.497465393426338
Fannyhessea_vaginae.fna	14V	5V	14	5	vagina	vagina	other	0.9895926814685448	0.5946538607770535	False	0.7266717393712565
Fannyhessea_vaginae.fna	14V	9C	14	9	vagina	cervix	between_cervix_vagina	0.992172072990782	0.8235917917170464	False	0.676468351172554
Fannyhessea_vaginae.fna	14V	9V	14	9	vagina	vagina	other	0.9922977931860684	0.8245830607400607	False	0.5064717413416606
Fannyhessea_vaginae.fna	3C	3V	3	3	cervix	vagina	within_cervix_vagina	0.99999122366101	0.8586225676402386	True	0.38032435451863983
Fannyhessea_vaginae.fna	3C	4V	3	4	cervix	vagina	between_cervix_vagina	0.9999384981078184	0.8576799372493141	True	0.711773075069876
Fannyhessea_vaginae.fna	3C	5V	3	5	cervix	vagina	between_cervix_vagina	0.9690389441769552	0.5824948878057469	False	0.6159227174406152
Fannyhessea_vaginae.fna	3C	9C	3	9	cervix	cervix	other	0.969909228619406	0.816735799745846	False	0.6042516897528729
Fannyhessea_vaginae.fna	3C	9V	3	9	cervix	vagina	between_cervix_vagina	0.970263123962818	0.8181853679923549	False	0.6428769224461935
Fannyhessea_vaginae.fna	3V	4V	3	4	vagina	vagina	other	0.9999120372645016	0.8644646839002702	True	0.6030826072227191
Fannyhessea_vaginae.fna	3V	5V	3	5	vagina	vagina	other	0.9688339967220791	0.5851706976218449	False	0.7405157700781704
Fannyhessea_vaginae.fna	3V	9C	3	9	vagina	cervix	between_cervix_vagina	0.9697156049150438	0.8243398675796115	False	0.7404326817287361
Fannyhessea_vaginae.fna	3V	9V	3	9	vagina	vagina	other	0.9700821323569648	0.826241569589209	False	0.580262455528823
Fannyhessea_vaginae.fna	4V	5V	4	5	vagina	vagina	other	0.9688225538971807	0.5845164737676786	False	0.8554502251892571
Fannyhessea_vaginae.fna	4V	9C	4	9	vagina	cervix	between_cervix_vagina	0.9697331511543966	0.822758084459957	False	0.8531819354587007
Fannyhessea_vaginae.fna	4V	9V	4	9	vagina	vagina	other	0.9701071297497206	0.8250303991450562	False	0.7015727218977383
Fannyhessea_vaginae.fna	5V	9C	5	9	vagina	cervix	between_cervix_vagina	0.9870589028609696	0.5892316808757694	False	0.6667324521540864
Fannyhessea_vaginae.fna	5V	9V	5	9	vagina	vagina	other	0.9872525160577196	0.5900126391938318	False	0.6517473289257086
Fannyhessea_vaginae.fna	9C	9V	9	9	cervix	vagina	within_cervix_vagina	0.9999786091850574	0.8646880105771898	True	0.6131283129811648
G_vaginalis.fna	12V	13C	12	13	vagina	cervix	between_cervix_vagina	0.9998778762315352	0.8299370399290874	True	0.7704614714608726
G_vaginalis.fna	12V	13V	12	13	vagina	vagina	other	0.9998642843612764	0.8263620258053528	True	0.71428756127408
G_vaginalis.fna	12V	14V	12	14	vagina	vagina	other	0.988900241747622	0.7906394723300744	False	0.44311418938233743
G_vaginalis.fna	12V	16V	12	16	vagina	vagina	other	0.9832983217612054	0.8025214015062918	False	0.2951069655475334
G_vaginalis.fna	12V	1C	12	1	vagina	cervix	between_cervix_vagina	0.9827552729025464	0.7876132147779246	False	0.5928671734224591
G_vaginalis.fna	12V	1V	12	1	vagina	vagina	other	0.9828032755665588	0.7873007533857981	False	0.5545533074784667
G_vaginalis.fna	12V	2V	12	2	vagina	vagina	other	0.983357720008454	0.7377807204723984	False	0.5758780223438038
G_vaginalis.fna	12V	3C	12	3	vagina	cervix	between_cervix_vagina	0.9853534842358924	0.7762362615943568	False	0.635778190142288
G_vaginalis.fna	12V	3V	12	3	vagina	vagina	other	0.9846669317685268	0.7933052897734565	False	0.6885424423465604
G_vaginalis.fna	12V	4C	12	4	vagina	cervix	between_cervix_vagina	0.9828563605702516	0.7710227742973217	False	0.6733534791262362
G_vaginalis.fna	12V	4V	12	4	vagina	vagina	other	0.9821639713282636	0.7907558207179295	False	0.7572363984748218
G_vaginalis.fna	12V	5V	12	5	vagina	vagina	other	0.9850197854522288	0.6448849290454755	False	0.6124363894549463
G_vaginalis.fna	12V	7V	12	7	vagina	vagina	other	0.9874103105304428	0.8137814065680464	False	0.7900076043948817
G_vaginalis.fna	12V	9C	12	9	vagina	cervix	between_cervix_vagina	0.9954576838762018	0.6948877477950781	False	0.5539472139968824
G_vaginalis.fna	12V	9V	12	9	vagina	vagina	other	0.9973598107428692	0.8259380138970353	False	0.5297293737773033
G_vaginalis.fna	13C	13V	13	13	cervix	vagina	within_cervix_vagina	0.9999909800019704	0.8643617691192187	True	0.2690404244008342
G_vaginalis.fna	13C	14V	13	14	cervix	vagina	between_cervix_vagina	0.9927815867012784	0.8176286999087204	False	0.6895407428332337
G_vaginalis.fna	13C	16V	13	16	cervix	vagina	between_cervix_vagina	0.98733787171007	0.8388706769676971	False	0.8330604980545752
G_vaginalis.fna	13C	1C	13	1	cervix	cervix	other	0.9870209834945352	0.8249970313169078	False	0.8669116272633389
G_vaginalis.fna	13C	1V	13	1	cervix	vagina	between_cervix_vagina	0.9870817556532776	0.8244212867172123	False	0.8856150215660132
G_vaginalis.fna	13C	2V	13	2	cervix	vagina	between_cervix_vagina	0.9876611463936537	0.7701999393069234	False	0.9760695671418259
G_vaginalis.fna	13C	3C	13	3	cervix	cervix	other	0.9894659236677076	0.806964830401234	False	0.7159985571382507
G_vaginalis.fna	13C	3V	13	3	cervix	vagina	between_cervix_vagina	0.988800239021058	0.8270079392781362	False	0.5227860590496283
G_vaginalis.fna	13C	4C	13	4	cervix	cervix	other	0.9870424991740654	0.8060016576646599	False	0.9167831624262411
G_vaginalis.fna	13C	4V	13	4	cervix	vagina	between_cervix_vagina	0.9862917091313622	0.829144791370548	False	0.7921837474486005
G_vaginalis.fna	13C	5V	13	5	cervix	vagina	between_cervix_vagina	0.9890558015943312	0.6770996386003169	False	0.736842799114108
G_vaginalis.fna	13C	7V	13	7	cervix	vagina	between_cervix_vagina	0.9912303770482032	0.8551876387634445	False	0.6124246487033653
G_vaginalis.fna	13C	9C	13	9	cervix	cervix	other	0.9974827509421896	0.7164169974199445	False	0.7290223746256466
G_vaginalis.fna	13C	9V	13	9	cervix	vagina	between_cervix_vagina	0.99849982957342	0.8639185657242447	False	0.5808065737347841
G_vaginalis.fna	13V	14V	13	14	vagina	vagina	other	0.9929449519915112	0.8110592141326107	False	0.7323801747531562
G_vaginalis.fna	13V	16V	13	16	vagina	vagina	other	0.9877716519018068	0.8314033894564371	False	0.8325750002442637
G_vaginalis.fna	13V	1C	13	1	vagina	cervix	between_cervix_vagina	0.9872677643743948	0.8173414273428308	False	0.8738039009162415
G_vaginalis.fna	13V	1V	13	1	vagina	vagina	other	0.98732571295159	0.8168670377820398	False	0.8980025841374862
G_vaginalis.fna	13V	2V	13	2	vagina	vagina	other	0.987908842703516	0.7642031994607192	False	0.9664573208541006
G_vaginalis.fna	13V	3C	13	3	vagina	cervix	between_cervix_vagina	0.9898594636024504	0.8012589615246677	False	0.7269101888183913
G_vaginalis.fna	13V	3V	13	3	vagina	vagina	other	0.9891608885131452	0.8200540240349381	False	0.5184701515888595
G_vaginalis.fna	13V	4C	13	4	vagina	cervix	between_cervix_vagina	0.9873574626932906	0.7988048501684653	False	0.8884430149306465
G_vaginalis.fna	13V	4V	13	4	vagina	vagina	other	0.9866310961463564	0.8207653085091453	False	0.8421782509083076
G_vaginalis.fna	13V	5V	13	5	vagina	vagina	other	0.9894211751589682	0.6713457910071092	False	0.7577368688247927
G_vaginalis.fna	13V	7V	13	7	vagina	vagina	other	0.9916960011887116	0.8476010041945393	False	0.562758955605636
G_vaginalis.fna	13V	9C	13	9	vagina	cervix	between_cervix_vagina	0.9975777900426052	0.7128341867547556	False	0.716885800254556
G_vaginalis.fna	13V	9V	13	9	vagina	vagina	other	0.998621597726688	0.8553939472450021	False	0.6810022940448933
G_vaginalis.fna	14V	16V	14	16	vagina	vagina	other	0.9810194519254468	0.8079112105869836	False	0.5509669058171862
G_vaginalis.fna	14V	1C	14	1	vagina	cervix	between_cervix_vagina	0.981008550680918	0.8011947899911599	False	0.5564918497033212
G_vaginalis.fna	14V	1V	14	1	vagina	vagina	other	0.9810159770831336	0.8005920573633536	False	0.5406838925250963
G_vaginalis.fna	14V	2V	14	2	vagina	vagina	other	0.9815356950361892	0.7477387031112999	False	0.6926422869893532
G_vaginalis.fna	14V	3C	14	3	vagina	cervix	between_cervix_vagina	0.9841185953695292	0.7875532413821229	False	0.5441920770536783
G_vaginalis.fna	14V	3V	14	3	vagina	vagina	other	0.98335799090959	0.8083178302105186	False	0.4602584873181883
G_vaginalis.fna	14V	4C	14	4	vagina	cervix	between_cervix_vagina	0.9812261741523824	0.7798466600216144	False	0.8197370689834667
G_vaginalis.fna	14V	4V	14	4	vagina	vagina	other	0.9806909596578846	0.8021801528841805	False	0.497465393426338
G_vaginalis.fna	14V	5V	14	5	vagina	vagina	other	0.9829942948542096	0.6449209130829564	False	0.7266717393712565
G_vaginalis.fna	14V	7V	14	7	vagina	vagina	other	0.9854921621301826	0.8211089560670887	False	0.8026555190729956
G_vaginalis.fna	14V	9C	14	9	vagina	cervix	between_cervix_vagina	0.994355826525024	0.6942844154333138	False	0.676468351172554
G_vaginalis.fna	14V	9V	14	9	vagina	vagina	other	0.9968429492170384	0.8280640707782028	False	0.5064717413416606
G_vaginalis.fna	16V	1C	16	1	vagina	cervix	between_cervix_vagina	0.9904990976006184	0.8689635277790771	False	0.5891755103800641
G_vaginalis.fna	16V	1V	16	1	vagina	vagina	other	0.9905027072464688	0.8682834294706868	False	0.42224360397238375
G_vaginalis.fna	16V	2V	16	2	vagina	vagina	other	0.9913427445903212	0.8134305622026069	False	0.38611969154582915
G_vaginalis.fna	16V	3C	16	3	vagina	cervix	between_cervix_vagina	0.990626131378122	0.8415203015942128	False	0.8056386117119735
G_vaginalis.fna	16V	3V	16	3	vagina	vagina	other	0.9897124716049212	0.8633230299039346	False	0.8051332871602206
G_vaginalis.fna	16V	4C	16	4	vagina	cervix	between_cervix_vagina	0.990169533827544	0.8554497225030976	False	0.6780189776336268
G_vaginalis.fna	16V	4V	16	4	vagina	vagina	other	0.9891856671288586	0.8771684880586972	False	0.8270190563498098
G_vaginalis.fna	16V	5V	16	5	vagina	vagina	other	0.9923705091060302	0.7095884265739718	False	0.6684058422208184
G_vaginalis.fna	16V	7V	16	7	vagina	vagina	other	0.9939772544175304	0.893315725144326	False	0.8499339521047888
G_vaginalis.fna	16V	9C	16	9	vagina	cervix	between_cervix_vagina	0.9891274219499994	0.7096915808147506	False	0.6989471598557849
G_vaginalis.fna	16V	9V	16	9	vagina	vagina	other	0.990551052824502	0.8687908043991686	False	0.5736814900575647
G_vaginalis.fna	1C	1V	1	1	cervix	vagina	within_cervix_vagina	0.9999893392109817	0.9000969170076154	True	0.438576884193625
G_vaginalis.fna	1C	2V	1	2	cervix	vagina	between_cervix_vagina	0.9999964307792466	0.8401469108303556	True	0.708148084023917
G_vaginalis.fna	1C	3C	1	3	cervix	cervix	other	0.9921921348738728	0.8420846512487061	False	0.841321076122015
G_vaginalis.fna	1C	3V	1	3	cervix	vagina	between_cervix_vagina	0.9914824313446526	0.8650040841882541	False	0.6491404165127874
G_vaginalis.fna	1C	4C	1	4	cervix	cervix	other	0.9904603477807304	0.8508485635771972	False	0.5516536203556401
G_vaginalis.fna	1C	4V	1	4	cervix	vagina	between_cervix_vagina	0.9897944761102352	0.8698487351011092	False	0.7883372765992294
G_vaginalis.fna	1C	5V	1	5	cervix	vagina	between_cervix_vagina	0.9918514227565414	0.6978000558952049	False	0.8867603275254327
G_vaginalis.fna	1C	7V	1	7	cervix	vagina	between_cervix_vagina	0.995130058913978	0.8818781988309986	False	0.905795000226102
G_vaginalis.fna	1C	9C	1	9	cervix	cervix	other	0.9892148886140528	0.6973190692608758	False	0.8231242757400948
G_vaginalis.fna	1C	9V	1	9	cervix	vagina	between_cervix_vagina	0.9906599972817304	0.8516348147961564	False	0.7827046191667834
G_vaginalis.fna	1V	2V	1	2	vagina	vagina	other	0.999999285980513	0.8399406023487981	True	0.2341081985212519
G_vaginalis.fna	1V	3C	1	3	vagina	cervix	between_cervix_vagina	0.9922131407616877	0.841121478512132	False	0.8966814187334041
G_vaginalis.fna	1V	3V	1	3	vagina	vagina	other	0.991494507737346	0.8639053715771684	False	0.7427371183327464
G_vaginalis.fna	1V	4C	1	4	vagina	cervix	between_cervix_vagina	0.990498527434038	0.8499753509343255	False	0.7722025074850418
G_vaginalis.fna	1V	4V	1	4	vagina	vagina	other	0.989820240650146	0.8688099958858251	False	0.7891153141264817
G_vaginalis.fna	1V	5V	1	5	vagina	vagina	other	0.9918968828673388	0.6972740892140247	False	0.922294315272466
G_vaginalis.fna	1V	7V	1	7	vagina	vagina	other	0.9951889299777248	0.8809516098658635	False	0.9184224935037764
G_vaginalis.fna	1V	9C	1	9	vagina	cervix	between_cervix_vagina	0.9892462105694388	0.6968404815623789	False	0.8909208950391495
G_vaginalis.fna	1V	9V	1	9	vagina	vagina	other	0.9906777612816352	0.8511346366751709	False	0.5065194913745297
G_vaginalis.fna	2V	3C	2	3	vagina	cervix	between_cervix_vagina	0.992776822950914	0.793509199319182	False	0.932748396063342
G_vaginalis.fna	2V	3V	2	3	vagina	vagina	other	0.9920370913873234	0.8071609434055054	False	0.9043487693809619
G_vaginalis.fna	2V	4C	2	4	vagina	cervix	between_cervix_vagina	0.9912006013810156	0.7994045841264815	False	0.8729693615052685
G_vaginalis.fna	2V	4V	2	4	vagina	vagina	other	0.9905744946550804	0.8101860014897392	False	0.8858201648330383
G_vaginalis.fna	2V	5V	2	5	vagina	vagina	other	0.9928513454169636	0.6568952012887084	False	0.9398046199955593
G_vaginalis.fna	2V	7V	2	7	vagina	vagina	other	0.9959390715174627	0.8240764396913529	False	0.9747698969950507
G_vaginalis.fna	2V	9C	2	9	vagina	cervix	between_cervix_vagina	0.98978320754786	0.6557467107591073	False	0.8895027113497039
G_vaginalis.fna	2V	9V	2	9	vagina	vagina	other	0.9911912026740344	0.7946708839958594	False	0.6336628508812588
G_vaginalis.fna	3C	3V	3	3	cervix	vagina	within_cervix_vagina	0.9999889400335532	0.8676105279697927	True	0.38032435451863983
G_vaginalis.fna	3C	4C	3	4	cervix	cervix	other	0.9904586019694726	0.8173792105821858	False	0.755649156369153
G_vaginalis.fna	3C	4V	3	4	cervix	vagina	between_cervix_vagina	0.9897485958353134	0.8379914669852453	False	0.711773075069876
G_vaginalis.fna	3C	5V	3	5	cervix	vagina	between_cervix_vagina	0.9924930046635576	0.6751505032367642	False	0.6159227174406152
G_vaginalis.fna	3C	7V	3	7	cervix	vagina	between_cervix_vagina	0.9944983117828932	0.85561225040572	False	0.8401777497939568
G_vaginalis.fna	3C	9C	3	9	cervix	cervix	other	0.991360240954438	0.6905462736729987	False	0.6042516897528729
G_vaginalis.fna	3C	9V	3	9	cervix	vagina	between_cervix_vagina	0.9926588527831088	0.8296929482081749	False	0.6428769224461935
G_vaginalis.fna	3V	4C	3	4	vagina	cervix	between_cervix_vagina	0.9895404336072472	0.8374834923228056	False	0.8402982438748549
G_vaginalis.fna	3V	4V	3	4	vagina	vagina	other	0.9888357644873302	0.8626231403749297	False	0.6030826072227191
G_vaginalis.fna	3V	5V	3	5	vagina	vagina	other	0.9914772579230322	0.6905276819203001	False	0.7405157700781704
G_vaginalis.fna	3V	7V	3	7	vagina	vagina	other	0.9936844203868276	0.8783895463972182	False	0.752083173391572
G_vaginalis.fna	3V	9C	3	9	vagina	cervix	between_cervix_vagina	0.990802445854829	0.7028534142254496	False	0.7404326817287361
G_vaginalis.fna	3V	9V	3	9	vagina	vagina	other	0.9920344328972848	0.8510872576924876	False	0.580262455528823
G_vaginalis.fna	4C	4V	4	4	cervix	vagina	within_cervix_vagina	0.9999979572520956	0.8807752880822067	True	0.9138911274781972
G_vaginalis.fna	4C	5V	4	5	cervix	vagina	between_cervix_vagina	0.9916871017358824	0.6823473107329588	False	0.8591755494157731
G_vaginalis.fna	4C	7V	4	7	cervix	vagina	between_cervix_vagina	0.9937988681865038	0.855238616149876	False	0.9339724649898387
G_vaginalis.fna	4C	9C	4	9	cervix	cervix	other	0.9890687559282564	0.683498200198392	False	0.7972742999803714
G_vaginalis.fna	4C	9V	4	9	cervix	vagina	between_cervix_vagina	0.9907007844456822	0.8323461712384387	False	0.8856829320894586
G_vaginalis.fna	4V	5V	4	5	vagina	vagina	other	0.9907241234498068	0.69976358487375	False	0.8554502251892571
G_vaginalis.fna	4V	7V	4	7	vagina	vagina	other	0.9927480531091648	0.8800903919021522	False	0.8786446859779569
G_vaginalis.fna	4V	9C	4	9	vagina	cervix	between_cervix_vagina	0.9884245087812302	0.7014128532582946	False	0.8531819354587007
G_vaginalis.fna	4V	9V	4	9	vagina	vagina	other	0.9900093336710434	0.85716016375136	False	0.7015727218977383
G_vaginalis.fna	5V	7V	5	7	vagina	vagina	other	0.995653169375985	0.7177220185125878	False	0.5768845693236526
G_vaginalis.fna	5V	9C	5	9	vagina	cervix	between_cervix_vagina	0.9909786760207288	0.5773752763274211	False	0.6667324521540864
G_vaginalis.fna	5V	9V	5	9	vagina	vagina	other	0.992106475503994	0.6990732910880734	False	0.6517473289257086
G_vaginalis.fna	7V	9C	7	9	vagina	cervix	between_cervix_vagina	0.9931590274279958	0.7203674450013974	False	0.8641892851899176
G_vaginalis.fna	7V	9V	7	9	vagina	vagina	other	0.993947377015273	0.8814745778772537	False	0.6378270839009937
G_vaginalis.fna	9C	9V	9	9	cervix	vagina	within_cervix_vagina	0.999951995599868	0.7371054200356721	True	0.6131283129811648
Gardnerella_leopoldii.fna	14V	15C	14	15	vagina	cervix	between_cervix_vagina	0.9925237925892104	0.891043868165343	False	0.7218116626119171
Gardnerella_leopoldii.fna	14V	15V	14	15	vagina	vagina	other	0.9926829573851724	0.8847630156698565	False	0.7027197105139624
Gardnerella_leopoldii.fna	14V	1C	14	1	vagina	cervix	between_cervix_vagina	0.9931498278754306	0.6930212967388207	False	0.5564918497033212
Gardnerella_leopoldii.fna	14V	3C	14	3	vagina	cervix	between_cervix_vagina	0.9932255118522468	0.8917147907458325	False	0.5441920770536783
Gardnerella_leopoldii.fna	14V	3V	14	3	vagina	vagina	other	0.9932246523080788	0.8931413977488559	False	0.4602584873181883
Gardnerella_leopoldii.fna	14V	4C	14	4	vagina	cervix	between_cervix_vagina	0.9934698237361494	0.7044158963662598	False	0.8197370689834667
Gardnerella_leopoldii.fna	14V	4V	14	4	vagina	vagina	other	0.9929452152436612	0.9010177289172848	False	0.497465393426338
Gardnerella_leopoldii.fna	14V	9C	14	9	vagina	cervix	between_cervix_vagina	0.976175545844838	0.5957890316872366	False	0.676468351172554
Gardnerella_leopoldii.fna	14V	9V	14	9	vagina	vagina	other	0.9748695396841478	0.7594152476121611	False	0.5064717413416606
Gardnerella_leopoldii.fna	15C	15V	15	15	cervix	vagina	within_cervix_vagina	0.9999992774368084	0.9023628341491118	True	0.5277319894136273
Gardnerella_leopoldii.fna	15C	1C	15	1	cervix	cervix	other	0.9929510702499356	0.6918874440979351	False	0.9427140329552095
Gardnerella_leopoldii.fna	15C	3C	15	3	cervix	cervix	other	0.9931246012553742	0.8921881530329417	False	0.4075849370606154
Gardnerella_leopoldii.fna	15C	3V	15	3	cervix	vagina	between_cervix_vagina	0.993137772250237	0.8933304818580318	False	0.6324097821928953
Gardnerella_leopoldii.fna	15C	4C	15	4	cervix	cervix	other	0.9937603204093786	0.6941590614647237	False	0.9301987834456787
Gardnerella_leopoldii.fna	15C	4V	15	4	cervix	vagina	between_cervix_vagina	0.993155759496402	0.8914865857864823	False	0.8401996382755162
Gardnerella_leopoldii.fna	15C	9C	15	9	cervix	cervix	other	0.9750696735663356	0.5827774369192591	False	0.8335443080014263
Gardnerella_leopoldii.fna	15C	9V	15	9	cervix	vagina	between_cervix_vagina	0.9739162181660648	0.7465079751113152	False	0.8045983766391734
Gardnerella_leopoldii.fna	15V	1C	15	1	vagina	cervix	between_cervix_vagina	0.993104356035677	0.688545871478879	False	0.9102008654493012
Gardnerella_leopoldii.fna	15V	3C	15	3	vagina	cervix	between_cervix_vagina	0.9932346081814862	0.8856856157198009	False	0.519991301518281
Gardnerella_leopoldii.fna	15V	3V	15	3	vagina	vagina	other	0.993252211819954	0.886643424534902	False	0.748660920985626
Gardnerella_leopoldii.fna	15V	4C	15	4	vagina	cervix	between_cervix_vagina	0.99389446304943	0.6913625726914298	False	0.8424427195272525
Gardnerella_leopoldii.fna	15V	4V	15	4	vagina	vagina	other	0.9932782488402586	0.8856158502036566	False	0.8623468447271339
Gardnerella_leopoldii.fna	15V	9C	15	9	vagina	cervix	between_cervix_vagina	0.9751811142910928	0.5784324144932318	False	0.8213343426419929
Gardnerella_leopoldii.fna	15V	9V	15	9	vagina	vagina	other	0.9740291409571212	0.7406404995993373	False	0.8174954741064019
Gardnerella_leopoldii.fna	1C	3C	1	3	cervix	cervix	other	0.9942770003083634	0.6956489138421956	False	0.841321076122015
Gardnerella_leopoldii.fna	1C	3V	1	3	cervix	vagina	between_cervix_vagina	0.9943233898247956	0.696394818052186	False	0.6491404165127874
Gardnerella_leopoldii.fna	1C	4C	1	4	cervix	cervix	other	0.9948453200366706	0.5767932508709279	False	0.5516536203556401
Gardnerella_leopoldii.fna	1C	4V	1	4	cervix	vagina	between_cervix_vagina	0.994341533425705	0.6959775289836598	False	0.7883372765992294
Gardnerella_leopoldii.fna	1C	9C	1	9	cervix	cervix	other	0.9761429002229292	0.4626966393233658	False	0.8231242757400948
Gardnerella_leopoldii.fna	1C	9V	1	9	cervix	vagina	between_cervix_vagina	0.9746152405034324	0.5812060827705907	False	0.7827046191667834
Gardnerella_leopoldii.fna	3C	3V	3	3	cervix	vagina	within_cervix_vagina	0.9999985677589652	0.9104810625744518	True	0.38032435451863983
Gardnerella_leopoldii.fna	3C	4C	3	4	cervix	cervix	other	0.9998540388736974	0.7057922982782262	True	0.755649156369153
Gardnerella_leopoldii.fna	3C	4V	3	4	cervix	vagina	between_cervix_vagina	0.9999123248923284	0.9072783689735144	True	0.711773075069876
Gardnerella_leopoldii.fna	3C	9C	3	9	cervix	cervix	other	0.9755115699186592	0.582590308852592	False	0.6042516897528729
Gardnerella_leopoldii.fna	3C	9V	3	9	cervix	vagina	between_cervix_vagina	0.9742416435801368	0.7453584741303598	False	0.6428769224461935
Gardnerella_leopoldii.fna	3V	4C	3	4	vagina	cervix	between_cervix_vagina	0.9998338186444402	0.7062317558285177	True	0.8402982438748549
Gardnerella_leopoldii.fna	3V	4V	3	4	vagina	vagina	other	0.9998988635418132	0.909009466593728	True	0.6030826072227191
Gardnerella_leopoldii.fna	3V	9C	3	9	vagina	cervix	between_cervix_vagina	0.9755874892447284	0.5834940004916187	False	0.7404326817287361
Gardnerella_leopoldii.fna	3V	9V	3	9	vagina	vagina	other	0.9743421173253568	0.7468033375301312	False	0.580262455528823
Gardnerella_leopoldii.fna	4C	4V	4	4	cervix	vagina	within_cervix_vagina	0.9999991023516592	0.7263581292148641	True	0.9138911274781972
Gardnerella_leopoldii.fna	4C	9C	4	9	cervix	cervix	other	0.976126027994118	0.4788652867004105	False	0.7972742999803714
Gardnerella_leopoldii.fna	4C	9V	4	9	cervix	vagina	between_cervix_vagina	0.9746928736213656	0.5980352205014119	False	0.8856829320894586
Gardnerella_leopoldii.fna	4V	9C	4	9	vagina	cervix	between_cervix_vagina	0.9758734431246086	0.601706060276102	False	0.8531819354587007
Gardnerella_leopoldii.fna	4V	9V	4	9	vagina	vagina	other	0.974680143754083	0.7645244306449268	False	0.7015727218977383
Gardnerella_leopoldii.fna	9C	9V	9	9	cervix	vagina	within_cervix_vagina	0.9999564802016004	0.629244530742142	True	0.6131283129811648
Gardnerella_piotii.fna	11V	12V	11	12	vagina	vagina	other	0.977732300056246	0.5538589714458835	False	0.6494060168717264
Gardnerella_piotii.fna	11V	13C	11	13	vagina	cervix	between_cervix_vagina	0.9763917265406696	0.8136306307196323	False	0.7966159204251014
Gardnerella_piotii.fna	11V	13V	11	13	vagina	vagina	other	0.9758849326553684	0.8138196523188076	False	0.7385824466314016
Gardnerella_piotii.fna	11V	14V	11	14	vagina	vagina	other	0.9774541527048024	0.7439448873609094	False	0.7528178329125569
Gardnerella_piotii.fna	11V	16V	11	16	vagina	vagina	other	0.9832803762955974	0.5221349561529165	False	0.7351535700403456
Gardnerella_piotii.fna	11V	3C	11	3	vagina	cervix	between_cervix_vagina	0.9756174038188332	0.7834701599438862	False	0.6044477062880822
Gardnerella_piotii.fna	11V	3V	11	3	vagina	vagina	other	0.9752996203557917	0.7985345886475076	False	0.7765881538326422
Gardnerella_piotii.fna	11V	5V	11	5	vagina	vagina	other	0.976526824222302	0.7894977755384975	False	0.6521159855455959
Gardnerella_piotii.fna	11V	6V	11	6	vagina	vagina	other	0.9753238154213504	0.7679032104034327	False	0.8692853416088936
Gardnerella_piotii.fna	11V	7C	11	7	vagina	cervix	between_cervix_vagina	0.9768300457139836	0.79758421175688	False	0.3529159524804394
Gardnerella_piotii.fna	11V	7V	11	7	vagina	vagina	other	0.9766549509150406	0.8151309484998469	False	0.8263894232490596
Gardnerella_piotii.fna	11V	9C	11	9	vagina	cervix	between_cervix_vagina	0.9799729555885662	0.771015151365467	False	0.597289292171435
Gardnerella_piotii.fna	11V	9V	11	9	vagina	vagina	other	0.9814090213260136	0.7985115372329741	False	0.780499591459459
Gardnerella_piotii.fna	12V	13C	12	13	vagina	cervix	between_cervix_vagina	0.999779421432196	0.6061250901474962	True	0.7704614714608726
Gardnerella_piotii.fna	12V	13V	12	13	vagina	vagina	other	0.9995280782563688	0.6056884304950456	True	0.71428756127408
Gardnerella_piotii.fna	12V	14V	12	14	vagina	vagina	other	0.9885150464997432	0.5657719424768416	False	0.44311418938233743
Gardnerella_piotii.fna	12V	16V	12	16	vagina	vagina	other	0.9794759154742452	0.3817070560379887	False	0.2951069655475334
Gardnerella_piotii.fna	12V	3C	12	3	vagina	cervix	between_cervix_vagina	0.983552317591384	0.5726926357316684	False	0.635778190142288
Gardnerella_piotii.fna	12V	3V	12	3	vagina	vagina	other	0.9832456376995256	0.5810392236283585	False	0.6885424423465604
Gardnerella_piotii.fna	12V	5V	12	5	vagina	vagina	other	0.9729467439877034	0.554457649611913	False	0.6124363894549463
Gardnerella_piotii.fna	12V	6V	12	6	vagina	vagina	other	0.9706861081235756	0.5339866762823996	False	0.7200966134094159
Gardnerella_piotii.fna	12V	7C	12	7	vagina	cervix	between_cervix_vagina	0.9852674261440432	0.5798616256516141	False	0.6985629487304809
Gardnerella_piotii.fna	12V	7V	12	7	vagina	vagina	other	0.9850668955060626	0.5924951180397077	False	0.7900076043948817
Gardnerella_piotii.fna	12V	9C	12	9	vagina	cervix	between_cervix_vagina	0.989687297816911	0.5731167817590864	False	0.5539472139968824
Gardnerella_piotii.fna	12V	9V	12	9	vagina	vagina	other	0.991220777418846	0.5886020634309067	False	0.5297293737773033
Gardnerella_piotii.fna	13C	13V	13	13	cervix	vagina	within_cervix_vagina	0.9999934338681084	0.902739495964356	True	0.2690404244008342
Gardnerella_piotii.fna	13C	14V	13	14	cervix	vagina	between_cervix_vagina	0.9877481569241564	0.8016116231818197	False	0.6895407428332337
Gardnerella_piotii.fna	13C	16V	13	16	cervix	vagina	between_cervix_vagina	0.9778051135699656	0.5354086192532	False	0.8330604980545752
Gardnerella_piotii.fna	13C	3C	13	3	cervix	cervix	other	0.9826495436272906	0.8417862870427999	False	0.7159985571382507
Gardnerella_piotii.fna	13C	3V	13	3	cervix	vagina	between_cervix_vagina	0.982368131985815	0.8609979945269356	False	0.5227860590496283
Gardnerella_piotii.fna	13C	5V	13	5	cervix	vagina	between_cervix_vagina	0.9710333868928884	0.8148688209860078	False	0.736842799114108
Gardnerella_piotii.fna	13C	6V	13	6	cervix	vagina	between_cervix_vagina	0.969019667351057	0.7855849625743819	False	0.9542775954645405
Gardnerella_piotii.fna	13C	7C	13	7	cervix	cervix	other	0.9850870270557986	0.8537723639884216	False	0.8052882916359523
Gardnerella_piotii.fna	13C	7V	13	7	cervix	vagina	between_cervix_vagina	0.9849536031352716	0.8792494459427864	False	0.6124246487033653
Gardnerella_piotii.fna	13C	9C	13	9	cervix	cervix	other	0.9878514165286386	0.8306524538230771	False	0.7290223746256466
Gardnerella_piotii.fna	13C	9V	13	9	cervix	vagina	between_cervix_vagina	0.9891914021271724	0.8655075098215491	False	0.5808065737347841
Gardnerella_piotii.fna	13V	14V	13	14	vagina	vagina	other	0.9872864286078376	0.8010946128844235	False	0.7323801747531562
Gardnerella_piotii.fna	13V	16V	13	16	vagina	vagina	other	0.977234538257342	0.5354132295361067	False	0.8325750002442637
Gardnerella_piotii.fna	13V	3C	13	3	vagina	cervix	between_cervix_vagina	0.9822024115181373	0.8426563132884819	False	0.7269101888183913
Gardnerella_piotii.fna	13V	3V	13	3	vagina	vagina	other	0.9819156266280444	0.8621795441747429	False	0.5184701515888595
Gardnerella_piotii.fna	13V	5V	13	5	vagina	vagina	other	0.9703809638400496	0.815597904297113	False	0.7577368688247927
Gardnerella_piotii.fna	13V	6V	13	6	vagina	vagina	other	0.9683817350205568	0.7860657492203682	False	0.9399215625816759
Gardnerella_piotii.fna	13V	7C	13	7	vagina	cervix	between_cervix_vagina	0.9847416908614312	0.8545205470429975	False	0.7652740954043163
Gardnerella_piotii.fna	13V	7V	13	7	vagina	vagina	other	0.9846016864819568	0.8802413153795745	False	0.562758955605636
Gardnerella_piotii.fna	13V	9C	13	9	vagina	cervix	between_cervix_vagina	0.9874909643740444	0.8300412620320151	False	0.716885800254556
Gardnerella_piotii.fna	13V	9V	13	9	vagina	vagina	other	0.9888142972192318	0.8644142141608132	False	0.6810022940448933
Gardnerella_piotii.fna	14V	16V	14	16	vagina	vagina	other	0.9791424065670676	0.5044993068110344	False	0.5509669058171862
Gardnerella_piotii.fna	14V	3C	14	3	vagina	cervix	between_cervix_vagina	0.9842969489396196	0.7759204923782145	False	0.5441920770536783
Gardnerella_piotii.fna	14V	3V	14	3	vagina	vagina	other	0.9840470713074072	0.7870101986044015	False	0.4602584873181883
Gardnerella_piotii.fna	14V	5V	14	5	vagina	vagina	other	0.9727643318159842	0.747875482844808	False	0.7266717393712565
Gardnerella_piotii.fna	14V	6V	14	6	vagina	vagina	other	0.970987638583354	0.7233244091428496	False	0.7563152619138092
Gardnerella_piotii.fna	14V	7C	14	7	vagina	cervix	between_cervix_vagina	0.9857403495701278	0.7779292585018557	False	0.8059021240893667
Gardnerella_piotii.fna	14V	7V	14	7	vagina	vagina	other	0.9856343291311248	0.7948819273616997	False	0.8026555190729956
Gardnerella_piotii.fna	14V	9C	14	9	vagina	cervix	between_cervix_vagina	0.9889907067774424	0.762208193789949	False	0.676468351172554
Gardnerella_piotii.fna	14V	9V	14	9	vagina	vagina	other	0.990652850574674	0.7858543348185031	False	0.5064717413416606
Gardnerella_piotii.fna	16V	3C	16	3	vagina	cervix	between_cervix_vagina	0.9785966997394796	0.5253311994309594	False	0.8056386117119735
Gardnerella_piotii.fna	16V	3V	16	3	vagina	vagina	other	0.978365179759086	0.5332562757476068	False	0.8051332871602206
Gardnerella_piotii.fna	16V	5V	16	5	vagina	vagina	other	0.982056033795632	0.5288284283216265	False	0.6684058422208184
Gardnerella_piotii.fna	16V	6V	16	6	vagina	vagina	other	0.9811297199585728	0.5170043698895838	False	0.6359981529147151
Gardnerella_piotii.fna	16V	7C	16	7	vagina	cervix	between_cervix_vagina	0.9786281606438711	0.5286315033803253	False	0.7132714389583443
Gardnerella_piotii.fna	16V	7V	16	7	vagina	vagina	other	0.9785855391190892	0.538097731411504	False	0.8499339521047888
Gardnerella_piotii.fna	16V	9C	16	9	vagina	cervix	between_cervix_vagina	0.9813238694551616	0.5112704951773148	False	0.6989471598557849
Gardnerella_piotii.fna	16V	9V	16	9	vagina	vagina	other	0.9827427122560124	0.526781462711044	False	0.5736814900575647
Gardnerella_piotii.fna	3C	3V	3	3	cervix	vagina	within_cervix_vagina	0.999978807642267	0.8701783850178978	True	0.38032435451863983
Gardnerella_piotii.fna	3C	5V	3	5	cervix	vagina	between_cervix_vagina	0.9712234491348368	0.7868356664657901	False	0.6159227174406152
Gardnerella_piotii.fna	3C	6V	3	6	cervix	vagina	between_cervix_vagina	0.9693943810833028	0.7627304729820956	False	0.8992704391899351
Gardnerella_piotii.fna	3C	7C	3	7	cervix	cervix	other	0.9837876094411656	0.8310041525476752	False	0.6732097488227596
Gardnerella_piotii.fna	3C	7V	3	7	cervix	vagina	between_cervix_vagina	0.9836115564094248	0.8488018204031363	False	0.8401777497939568
Gardnerella_piotii.fna	3C	9C	3	9	cervix	cervix	other	0.9869420350350048	0.8031172098567848	False	0.6042516897528729
Gardnerella_piotii.fna	3C	9V	3	9	cervix	vagina	between_cervix_vagina	0.98813369746936	0.8332065505533987	False	0.6428769224461935
Gardnerella_piotii.fna	3V	5V	3	5	vagina	vagina	other	0.9709272179523364	0.8027635352966552	False	0.7405157700781704
Gardnerella_piotii.fna	3V	6V	3	6	vagina	vagina	other	0.9690879126660976	0.776091072845763	False	0.8883232421811441
Gardnerella_piotii.fna	3V	7C	3	7	vagina	cervix	between_cervix_vagina	0.9835635295665708	0.8458808768758088	False	0.7737861979176638
Gardnerella_piotii.fna	3V	7V	3	7	vagina	vagina	other	0.9834279997785343	0.8683724713421521	False	0.752083173391572
Gardnerella_piotii.fna	3V	9C	3	9	vagina	cervix	between_cervix_vagina	0.9865738787567366	0.8164633202598882	False	0.7404326817287361
Gardnerella_piotii.fna	3V	9V	3	9	vagina	vagina	other	0.9877382087445362	0.8510213423167989	False	0.580262455528823
Gardnerella_piotii.fna	5V	6V	5	6	vagina	vagina	other	0.9776691031422616	0.7819263737819797	False	0.9084457475742317
Gardnerella_piotii.fna	5V	7C	5	7	vagina	cervix	between_cervix_vagina	0.9721176278068832	0.800920080745812	False	0.6550627506357463
Gardnerella_piotii.fna	5V	7V	5	7	vagina	vagina	other	0.9720606290456324	0.8196766874458703	False	0.5768845693236526
Gardnerella_piotii.fna	5V	9C	5	9	vagina	cervix	between_cervix_vagina	0.9753805396347948	0.7711705837606078	False	0.6667324521540864
Gardnerella_piotii.fna	5V	9V	5	9	vagina	vagina	other	0.9767529660264128	0.8007192041334479	False	0.6517473289257086
Gardnerella_piotii.fna	6V	7C	6	7	vagina	cervix	between_cervix_vagina	0.9697743821965252	0.7755009566337031	False	0.877722358313043
Gardnerella_piotii.fna	6V	7V	6	7	vagina	vagina	other	0.9697374821745098	0.79068195963368	False	0.9554859207524049
Gardnerella_piotii.fna	6V	9C	6	9	vagina	cervix	between_cervix_vagina	0.9735240179655922	0.7444836318491516	False	0.8932621615001862
Gardnerella_piotii.fna	6V	9V	6	9	vagina	vagina	other	0.9750233816196938	0.76968870711202	False	0.6048686310259492
Gardnerella_piotii.fna	7C	7V	7	7	cervix	vagina	within_cervix_vagina	0.9999910155700172	0.8796709575228291	True	0.8104106945069304
Gardnerella_piotii.fna	7C	9C	7	9	cervix	cervix	other	0.9896013724700742	0.8146330379459213	False	0.6090938840830316
Gardnerella_piotii.fna	7C	9V	7	9	cervix	vagina	between_cervix_vagina	0.99081347565712	0.8411052823962933	False	0.7125573388896032
Gardnerella_piotii.fna	7V	9C	7	9	vagina	cervix	between_cervix_vagina	0.9894065986233088	0.8324195094000375	False	0.8641892851899176
Gardnerella_piotii.fna	7V	9V	7	9	vagina	vagina	other	0.99058291053765	0.8661114568823292	False	0.6378270839009937
Gardnerella_piotii.fna	9C	9V	9	9	cervix	vagina	within_cervix_vagina	0.9999792841841652	0.8584030638622975	True	0.6131283129811648
Gardnerella_swidsinskii.fna	11V	16V	11	16	vagina	vagina	other	0.9918018051660786	0.7861799769636696	False	0.7351535700403456
Gardnerella_swidsinskii.fna	11V	5V	11	5	vagina	vagina	other	0.9912220511447316	0.8159257921554945	False	0.6521159855455959
Gardnerella_swidsinskii.fna	11V	7C	11	7	vagina	cervix	between_cervix_vagina	0.9935149978514578	0.7976237212754235	False	0.3529159524804394
Gardnerella_swidsinskii.fna	11V	7V	11	7	vagina	vagina	other	0.992909299403523	0.8210608318887265	False	0.8263894232490596
Gardnerella_swidsinskii.fna	11V	9C	11	9	vagina	cervix	between_cervix_vagina	0.9835999434622767	0.4975389907301643	False	0.597289292171435
Gardnerella_swidsinskii.fna	11V	9V	11	9	vagina	vagina	other	0.9806950284824912	0.6619654072698944	False	0.780499591459459
Gardnerella_swidsinskii.fna	16V	5V	16	5	vagina	vagina	other	0.9931315720770142	0.8394803375293501	False	0.6684058422208184
Gardnerella_swidsinskii.fna	16V	7C	16	7	vagina	cervix	between_cervix_vagina	0.9922256738896704	0.8033117967996297	False	0.7132714389583443
Gardnerella_swidsinskii.fna	16V	7V	16	7	vagina	vagina	other	0.9916606418320104	0.8301005774103314	False	0.8499339521047888
Gardnerella_swidsinskii.fna	16V	9C	16	9	vagina	cervix	between_cervix_vagina	0.9743499302412924	0.4781171930634291	False	0.6989471598557849
Gardnerella_swidsinskii.fna	16V	9V	16	9	vagina	vagina	other	0.9735994136713148	0.6483750647768773	False	0.5736814900575647
Gardnerella_swidsinskii.fna	5V	7C	5	7	vagina	cervix	between_cervix_vagina	0.9919212654476828	0.8248494684370185	False	0.6550627506357463
Gardnerella_swidsinskii.fna	5V	7V	5	7	vagina	vagina	other	0.9912915333254316	0.8640672163796912	False	0.5768845693236526
Gardnerella_swidsinskii.fna	5V	9C	5	9	vagina	cervix	between_cervix_vagina	0.9741059165363918	0.5035650325710771	False	0.6667324521540864
Gardnerella_swidsinskii.fna	5V	9V	5	9	vagina	vagina	other	0.9733462597371056	0.6859432639899279	False	0.6517473289257086
Gardnerella_swidsinskii.fna	7C	7V	7	7	cervix	vagina	within_cervix_vagina	0.9999992028525124	0.8565042812480584	True	0.8104106945069304
Gardnerella_swidsinskii.fna	7C	9C	7	9	cervix	cervix	other	0.974914849497749	0.4734792027818383	False	0.6090938840830316
Gardnerella_swidsinskii.fna	7C	9V	7	9	cervix	vagina	between_cervix_vagina	0.973849416620501	0.6458010586880216	False	0.7125573388896032
Gardnerella_swidsinskii.fna	7V	9C	7	9	vagina	cervix	between_cervix_vagina	0.9744107995123764	0.4945430388156022	False	0.8641892851899176
Gardnerella_swidsinskii.fna	7V	9V	7	9	vagina	vagina	other	0.9735080216926922	0.6763177101860317	False	0.6378270839009937
Gardnerella_swidsinskii.fna	9C	9V	9	9	cervix	vagina	within_cervix_vagina	0.9999706121739708	0.534353422642924	True	0.6131283129811648
L_iners.fna	10C	10V	10	10	cervix	vagina	within_cervix_vagina	0.9999991873777004	0.9331796466216729	True	0.747316975928741
L_iners.fna	10C	12V	10	12	cervix	vagina	between_cervix_vagina	0.9902185391720294	0.9112466823386668	False	0.6790791899134805
L_iners.fna	10C	14V	10	14	cervix	vagina	between_cervix_vagina	0.9911956828098436	0.9174649275801926	False	0.7544878216018339
L_iners.fna	10C	16C	10	16	cervix	cervix	other	0.9940143115007736	0.7057860013649807	False	0.9487742903006996
L_iners.fna	10C	16V	10	16	cervix	vagina	between_cervix_vagina	0.993835050182708	0.9172518389322818	False	0.5193790357233242
L_iners.fna	10C	17V	10	17	cervix	vagina	between_cervix_vagina	0.991094797685962	0.9230803063623264	False	0.6639235734858201
L_iners.fna	10C	18C	10	18	cervix	cervix	other	0.9912269681742044	0.9054371729733828	False	0.8750455570591138
L_iners.fna	10C	18V	10	18	cervix	vagina	between_cervix_vagina	0.9910983596312049	0.9221718358989914	False	0.7163335677983143
L_iners.fna	10C	1C	10	1	cervix	cervix	other	0.9948615509860432	0.9259050580116782	False	0.8269754544912369
L_iners.fna	10C	1V	10	1	cervix	vagina	between_cervix_vagina	0.9949080656725848	0.9360013649806628	False	0.23423340596799969
L_iners.fna	10C	2C	10	2	cervix	cervix	other	0.9916820245448138	0.7822105103511033	False	0.9367752879561786
L_iners.fna	10C	2V	10	2	cervix	vagina	between_cervix_vagina	0.9917623886461956	0.929398650185789	False	0.20912207711857583
L_iners.fna	10C	3V	10	3	cervix	vagina	between_cervix_vagina	0.9943753807070448	0.9050602866459392	False	0.9450350294948787
L_iners.fna	10C	4V	10	4	cervix	vagina	between_cervix_vagina	0.9942898384421932	0.9172654887389096	False	0.910719589734537
L_iners.fna	10C	6V	10	6	cervix	vagina	between_cervix_vagina	0.9910583891098604	0.9315340866004398	False	0.284161504955342
L_iners.fna	10C	8C	10	8	cervix	cervix	other	0.9916426203019962	0.9095465230909228	False	0.7324705264292343
L_iners.fna	10C	8V	10	8	cervix	vagina	between_cervix_vagina	0.991459524565862	0.9166846136346402	False	0.08002257473245508
L_iners.fna	10C	9C	10	9	cervix	cervix	other	0.991619488627053	0.7172859634488511	False	0.9625161867723927
L_iners.fna	10C	9V	10	9	cervix	vagina	between_cervix_vagina	0.9922367877350357	0.9322726928035188	False	0.5961755244116395
L_iners.fna	10V	12V	10	12	vagina	vagina	other	0.9903428647573648	0.9048388564495335	False	0.7549638230641513
L_iners.fna	10V	14V	10	14	vagina	vagina	other	0.9912544449705776	0.9112299992416774	False	0.8609475859726846
L_iners.fna	10V	16C	10	16	vagina	cervix	between_cervix_vagina	0.9940664412208516	0.7045742018654736	False	0.6923767696493814
L_iners.fna	10V	16V	10	16	vagina	vagina	other	0.9938576575646174	0.910504284522636	False	0.7295281758583229
L_iners.fna	10V	17V	10	17	vagina	vagina	other	0.9912505292685508	0.9169758095093652	False	0.20861827605303027
L_iners.fna	10V	18C	10	18	vagina	cervix	between_cervix_vagina	0.9914063617320198	0.9013953135663912	False	0.5072477333982952
L_iners.fna	10V	18V	10	18	vagina	vagina	other	0.9912596179786066	0.9163676347918404	False	0.3714461806422779
L_iners.fna	10V	1C	10	1	vagina	cervix	between_cervix_vagina	0.9949822522996296	0.9214279214377796	False	0.6281478940617226
L_iners.fna	10V	1V	10	1	vagina	vagina	other	0.9950346050710556	0.9286994767574126	False	0.7876407478587784
L_iners.fna	10V	2C	10	2	vagina	cervix	between_cervix_vagina	0.9917829653242108	0.7802836126488208	False	0.6316710441200629
L_iners.fna	10V	2V	10	2	vagina	vagina	other	0.991860153474048	0.9223947827405778	False	0.6786757048347217
L_iners.fna	10V	3V	10	3	vagina	vagina	other	0.994438700458118	0.9021384697050124	False	0.930050361075426
L_iners.fna	10V	4V	10	4	vagina	vagina	other	0.9943489002781862	0.9112861151133692	False	0.9397939428242078
L_iners.fna	10V	6V	10	6	vagina	vagina	other	0.991176885870868	0.9237612800485326	False	0.8498275861884548
L_iners.fna	10V	8C	10	8	vagina	cervix	between_cervix_vagina	0.9917162987396736	0.9046371426404792	False	0.05772824441362872
L_iners.fna	10V	8V	10	8	vagina	vagina	other	0.991518578015494	0.9096557215439448	False	0.718916088623669
L_iners.fna	10V	9C	10	9	vagina	cervix	between_cervix_vagina	0.9917470187853876	0.7155979373625541	False	0.9462053476973301
L_iners.fna	10V	9V	10	9	vagina	vagina	other	0.9923430522505916	0.9248092818685067	False	0.9176861676045469
L_iners.fna	12V	14V	12	14	vagina	vagina	other	0.9890415393096844	0.8995965723818913	False	0.44311418938233743
L_iners.fna	12V	16C	12	16	vagina	cervix	between_cervix_vagina	0.9895168651751468	0.6911837415636611	False	0.9504972356315431
L_iners.fna	12V	16V	12	16	vagina	vagina	other	0.9893652356543088	0.8972434973837871	False	0.2951069655475334
L_iners.fna	12V	17V	12	17	vagina	vagina	other	0.9897500159578578	0.9028861757791764	False	0.6734770208333415
L_iners.fna	12V	18C	12	18	vagina	cervix	between_cervix_vagina	0.989865553327431	0.8856434367179798	False	0.870964486288723
L_iners.fna	12V	18V	12	18	vagina	vagina	other	0.9897368518387756	0.9020975202851292	False	0.7169604728144008
L_iners.fna	12V	1C	12	1	vagina	cervix	between_cervix_vagina	0.9937889705501006	0.906539774019868	False	0.5928671734224591
L_iners.fna	12V	1V	12	1	vagina	vagina	other	0.993846085065269	0.9159391825282476	False	0.5545533074784667
L_iners.fna	12V	2C	12	2	vagina	cervix	between_cervix_vagina	0.990329352856264	0.7654075983923561	False	0.938889156695179
L_iners.fna	12V	2V	12	2	vagina	vagina	other	0.9904131271037026	0.9083855312049746	False	0.5758780223438038
L_iners.fna	12V	3V	12	3	vagina	vagina	other	0.9891882270284056	0.8861310381436263	False	0.6885424423465604
L_iners.fna	12V	4V	12	4	vagina	vagina	other	0.9890912930542944	0.897721240615758	False	0.7572363984748218
L_iners.fna	12V	6V	12	6	vagina	vagina	other	0.9900462399812682	0.9133002199135511	False	0.7200966134094159
L_iners.fna	12V	8C	12	8	vagina	cervix	between_cervix_vagina	0.9889174270146638	0.8925327974520361	False	0.7290077301703407
L_iners.fna	12V	8V	12	8	vagina	vagina	other	0.9887270662615992	0.8988526579206795	False	0.6498928727330201
L_iners.fna	12V	9C	12	9	vagina	cervix	between_cervix_vagina	0.9980485657064811	0.7095791309623114	False	0.5539472139968824
L_iners.fna	12V	9V	12	9	vagina	vagina	other	0.9985937478143024	0.9215795859558656	False	0.5297293737773033
L_iners.fna	14V	16C	14	16	vagina	cervix	between_cervix_vagina	0.9902231945984596	0.7084643967543793	False	0.9731998309093148
L_iners.fna	14V	16V	14	16	vagina	vagina	other	0.9899365048194152	0.9267763706680822	False	0.5509669058171862
L_iners.fna	14V	17V	14	17	vagina	vagina	other	0.9900655722364076	0.9075968757109274	False	0.8097118711015486
L_iners.fna	14V	18C	14	18	vagina	cervix	between_cervix_vagina	0.9901755389997716	0.8904314855539547	False	0.9267382261450844
L_iners.fna	14V	18V	14	18	vagina	vagina	other	0.990078485741952	0.9068673693789338	False	0.8300856594913788
L_iners.fna	14V	1C	14	1	vagina	cervix	between_cervix_vagina	0.9945578749387408	0.9160415560779556	False	0.5564918497033212
L_iners.fna	14V	1V	14	1	vagina	vagina	other	0.9946097811192268	0.9247220747706074	False	0.5406838925250963
L_iners.fna	14V	2C	14	2	vagina	cervix	between_cervix_vagina	0.9906278462536332	0.7751399105179343	False	0.9668248170582128
L_iners.fna	14V	2V	14	2	vagina	vagina	other	0.9906787756985964	0.9184097975278684	False	0.6926422869893532
L_iners.fna	14V	3V	14	3	vagina	vagina	other	0.990073493681152	0.9051126109046788	False	0.4602584873181883
L_iners.fna	14V	4V	14	4	vagina	vagina	other	0.9899984531558516	0.916746037764465	False	0.497465393426338
L_iners.fna	14V	6V	14	6	vagina	vagina	other	0.9903393141893228	0.9206764237506636	False	0.7563152619138092
L_iners.fna	14V	8C	14	8	vagina	cervix	between_cervix_vagina	0.9952088685769724	0.9129377417153256	False	0.8452280128294721
L_iners.fna	14V	8V	14	8	vagina	vagina	other	0.995160511357773	0.9185447789489648	False	0.7377064170882753
L_iners.fna	14V	9C	14	9	vagina	cervix	between_cervix_vagina	0.9906362737500334	0.7094297414119967	False	0.676468351172554
L_iners.fna	14V	9V	14	9	vagina	vagina	other	0.9913627883763934	0.9223090922878592	False	0.5064717413416606
L_iners.fna	16C	16V	16	16	cervix	vagina	within_cervix_vagina	1.0	0.7186820353378327	True	0.9447193183064269
L_iners.fna	16C	17V	16	17	cervix	vagina	between_cervix_vagina	0.990048366331466	0.6973898536437401	False	0.7872785977372997
L_iners.fna	16C	18C	16	18	cervix	cervix	other	0.9902432722698514	0.6926677788731326	False	0.6948457489143353
L_iners.fna	16C	18V	16	18	cervix	vagina	between_cervix_vagina	0.990046768980384	0.697049366800637	False	0.8461973244283879
L_iners.fna	16C	1C	16	1	cervix	cervix	other	0.9942732393942711	0.7061818457571851	False	0.9090047506479602
L_iners.fna	16C	1V	16	1	cervix	vagina	between_cervix_vagina	0.9943237172693034	0.7083203154621976	False	0.9577268022417222
L_iners.fna	16C	2C	16	2	cervix	cervix	other	0.990867069816398	0.610947144915447	False	0.1078933539884868
L_iners.fna	16C	2V	16	2	cervix	vagina	between_cervix_vagina	0.9909261047079192	0.7030067490710549	False	0.9327526598614138
L_iners.fna	16C	3V	16	3	cervix	vagina	between_cervix_vagina	0.998114092610498	0.7129225752635171	False	0.9778954255850022
L_iners.fna	16C	4V	16	4	cervix	vagina	between_cervix_vagina	0.998102613869712	0.7142048987639342	False	0.9887799859274755
L_iners.fna	16C	6V	16	6	cervix	vagina	between_cervix_vagina	0.9901455156220692	0.7034185182376583	False	0.9709163324823188
L_iners.fna	16C	8C	16	8	cervix	cervix	other	0.990484346023781	0.6951543186471525	False	0.7212758385094864
L_iners.fna	16C	8V	16	8	cervix	vagina	between_cervix_vagina	0.990332495961896	0.6967073633123531	False	0.9422685245403026
L_iners.fna	16C	9C	16	9	cervix	cervix	other	0.9909499946114884	0.5629180253279745	False	0.9387465653425062
L_iners.fna	16C	9V	16	9	cervix	vagina	between_cervix_vagina	0.9916289870557342	0.7040585425039811	False	0.9845163961630414
L_iners.fna	16V	17V	16	17	vagina	vagina	other	0.9896578343225124	0.904737241222416	False	0.641838562911303
L_iners.fna	16V	18C	16	18	vagina	cervix	between_cervix_vagina	0.9898000596377816	0.8875400015166451	False	0.8575874277304659
L_iners.fna	16V	18V	16	18	vagina	vagina	other	0.9896652705274822	0.9039940850837946	False	0.6916288523611681
L_iners.fna	16V	1C	16	1	vagina	cervix	between_cervix_vagina	0.9938082990226864	0.912798968681277	False	0.5891755103800641
L_iners.fna	16V	1V	16	1	vagina	vagina	other	0.9938777423126446	0.922285584287556	False	0.42224360397238375
L_iners.fna	16V	2C	16	2	vagina	cervix	between_cervix_vagina	0.9905136344317598	0.7690050807613559	False	0.931803726569398
L_iners.fna	16V	2V	16	2	vagina	vagina	other	0.9906027804836028	0.9155016303935696	False	0.38611969154582915
L_iners.fna	16V	3V	16	3	vagina	vagina	other	0.99779133151632	0.9125957382270418	False	0.8051332871602206
L_iners.fna	16V	4V	16	4	vagina	vagina	other	0.9977920543494314	0.9242284067642376	False	0.8270190563498098
L_iners.fna	16V	6V	16	6	vagina	vagina	other	0.9898563907723256	0.9145226359293244	False	0.6359981529147151
L_iners.fna	16V	8C	16	8	vagina	cervix	between_cervix_vagina	0.9902085674613178	0.8994759990900129	False	0.701336274403644
L_iners.fna	16V	8V	16	8	vagina	vagina	other	0.9900739637909856	0.905613862136953	False	0.4781923991339857
L_iners.fna	16V	9C	16	9	vagina	cervix	between_cervix_vagina	0.9907350793621796	0.705700310912262	False	0.6989471598557849
L_iners.fna	16V	9V	16	9	vagina	vagina	other	0.9914153890716488	0.9163001440812922	False	0.5736814900575647
L_iners.fna	17V	18C	17	18	vagina	cervix	between_cervix_vagina	0.9999983584126836	0.9238894365663152	True	0.5240375095771348
L_iners.fna	17V	18V	17	18	vagina	vagina	other	0.9999975843640716	0.9417676499582922	True	0.2457260386803234
L_iners.fna	17V	1C	17	1	vagina	cervix	between_cervix_vagina	0.9950938867711422	0.9238462121786608	False	0.6648571757867792
L_iners.fna	17V	1V	17	1	vagina	vagina	other	0.9951235407595932	0.9331963297186624	False	0.7147122851482439
L_iners.fna	17V	2C	17	2	vagina	cervix	between_cervix_vagina	0.9917103896840403	0.7755562296200804	False	0.7424505759243004
L_iners.fna	17V	2V	17	2	vagina	vagina	other	0.9915409611991496	0.9231788882990823	False	0.5797577855705578
L_iners.fna	17V	3V	17	3	vagina	vagina	other	0.9899533889499154	0.8939902934708425	False	0.932123180326493
L_iners.fna	17V	4V	17	4	vagina	vagina	other	0.989844331184336	0.9041775991506787	False	0.9159245093503682
L_iners.fna	17V	6V	17	6	vagina	vagina	other	0.9965586817803302	0.9343186471524988	False	0.7950740325456408
L_iners.fna	17V	8C	17	8	vagina	cervix	between_cervix_vagina	0.9899702522487884	0.8993493592174111	False	0.18849457480112813
L_iners.fna	17V	8V	17	8	vagina	vagina	other	0.9897893861901156	0.9050307120649124	False	0.6287553627891384
L_iners.fna	17V	9C	17	9	vagina	cervix	between_cervix_vagina	0.9913948745648526	0.7131917797831198	False	0.9501190944556478
L_iners.fna	17V	9V	17	9	vagina	vagina	other	0.9919858005202112	0.9271100326078714	False	0.88570751192087
L_iners.fna	18C	18V	18	18	cervix	vagina	within_cervix_vagina	0.9999958962506504	0.9239387275346932	True	0.367338612932385
L_iners.fna	18C	1C	18	1	cervix	cervix	other	0.995276676233912	0.9096678547053916	False	0.7813722505937388
L_iners.fna	18C	1V	18	1	cervix	vagina	between_cervix_vagina	0.995309113662828	0.9149882459998484	False	0.8881546310049026
L_iners.fna	18C	2C	18	2	cervix	cervix	other	0.991890179431012	0.7695601728975506	False	0.6345220280913317
L_iners.fna	18C	2V	18	2	cervix	vagina	between_cervix_vagina	0.9917037821338134	0.9052832334875256	False	0.8308529493193626
L_iners.fna	18C	3V	18	3	cervix	vagina	between_cervix_vagina	0.9901798130274952	0.8812436490483051	False	0.9389591367422624
L_iners.fna	18C	4V	18	4	cervix	vagina	between_cervix_vagina	0.990035649831834	0.8874436945476606	False	0.9682676151611607
L_iners.fna	18C	6V	18	6	cervix	vagina	between_cervix_vagina	0.996646707382058	0.9136164404337606	False	0.9208836967869797
L_iners.fna	18C	8C	18	8	cervix	cervix	other	0.99011837709158	0.8842830059907485	False	0.5355658885781852
L_iners.fna	18C	8V	18	8	cervix	vagina	between_cervix_vagina	0.9899173675138332	0.8877879730037158	False	0.8610198640415203
L_iners.fna	18C	9C	18	9	cervix	cervix	other	0.9915805980988862	0.7079381208766209	False	0.936739115609599
L_iners.fna	18C	9V	18	9	cervix	vagina	between_cervix_vagina	0.9921014498194296	0.909002047470994	False	0.9566200085710875
L_iners.fna	18V	1C	18	1	vagina	cervix	between_cervix_vagina	0.9951044662406848	0.9236740729506332	False	0.6907446044925011
L_iners.fna	18V	1V	18	1	vagina	vagina	other	0.9951312290372362	0.9321779024797148	False	0.7504967377840378
L_iners.fna	18V	2C	18	2	vagina	cervix	between_cervix_vagina	0.9917159647596046	0.7755289300068249	False	0.812482901699278
L_iners.fna	18V	2V	18	2	vagina	vagina	other	0.991552897165526	0.9223288086752104	False	0.6429031881702474
L_iners.fna	18V	3V	18	3	vagina	vagina	other	0.9899632813329088	0.8932092212026996	False	0.9310513465875506
L_iners.fna	18V	4V	18	4	vagina	vagina	other	0.9898563096104436	0.9034511261090468	False	0.9231214178085128
L_iners.fna	18V	6V	18	6	vagina	vagina	other	0.9965789925100424	0.932772427390612	False	0.8176052127462102
L_iners.fna	18V	8C	18	8	vagina	cervix	between_cervix_vagina	0.9899770883175736	0.8986008948206567	False	0.3492717011803557
L_iners.fna	18V	8V	18	8	vagina	vagina	other	0.9897989738582978	0.9040972169560932	False	0.6889918890785113
L_iners.fna	18V	9C	18	9	vagina	cervix	between_cervix_vagina	0.9913830598379126	0.7130939561689543	False	0.9461257397714483
L_iners.fna	18V	9V	18	9	vagina	vagina	other	0.9919828110683224	0.92610222188519	False	0.8962009697940403
L_iners.fna	1C	1V	1	1	cervix	vagina	within_cervix_vagina	1.0	0.9461970122089935	True	0.438576884193625
L_iners.fna	1C	2C	1	2	cervix	cervix	other	1.0	0.7920656707363313	True	0.8882245243636391
L_iners.fna	1C	2V	1	2	cervix	vagina	between_cervix_vagina	0.9999854184893556	0.9361037385303708	True	0.708148084023917
L_iners.fna	1C	3V	1	3	cervix	vagina	between_cervix_vagina	0.9939349419873162	0.9012262076287252	False	0.6491404165127874
L_iners.fna	1C	4V	1	4	cervix	vagina	between_cervix_vagina	0.993830350474768	0.9097929779328128	False	0.7883372765992294
L_iners.fna	1C	6V	1	6	cervix	vagina	between_cervix_vagina	0.9950814422784656	0.9330719648138318	False	0.8653458522323592
L_iners.fna	1C	8C	1	8	cervix	cervix	other	0.9946585221688076	0.905760218396906	False	0.6181789139036095
L_iners.fna	1C	8V	1	8	cervix	vagina	between_cervix_vagina	0.994469186897996	0.91026465458406	False	0.8035087342395951
L_iners.fna	1C	9C	1	9	cervix	cervix	other	0.9951152576117588	0.720638507621142	False	0.8231242757400948
L_iners.fna	1C	9V	1	9	cervix	vagina	between_cervix_vagina	0.995468121857891	0.9320323045423524	False	0.7827046191667834
L_iners.fna	1V	2C	1	2	vagina	cervix	between_cervix_vagina	1.0	0.7927565026162129	True	0.9477686128092649
L_iners.fna	1V	2V	1	2	vagina	vagina	other	0.9999879710438968	0.9456214453628572	True	0.2341081985212519
L_iners.fna	1V	3V	1	3	vagina	vagina	other	0.9939206576454376	0.9073413209979524	False	0.7427371183327464
L_iners.fna	1V	4V	1	4	vagina	vagina	other	0.9938266818022822	0.9192022446348675	False	0.7891153141264817
L_iners.fna	1V	6V	1	6	vagina	vagina	other	0.9951280053338902	0.9440130431485554	False	0.41820601913732375
L_iners.fna	1V	8C	1	8	vagina	cervix	between_cervix_vagina	0.9947667949901492	0.9126177295821642	False	0.7646819153842815
L_iners.fna	1V	8V	1	8	vagina	vagina	other	0.994565553373058	0.9199871085159628	False	0.18137911325529218
L_iners.fna	1V	9C	1	9	vagina	cervix	between_cervix_vagina	0.9951143393406768	0.7236073405626754	False	0.8909208950391495
L_iners.fna	1V	9V	1	9	vagina	vagina	other	0.9954807913522072	0.9426996284219308	False	0.5065194913745297
L_iners.fna	2C	2V	2	2	cervix	vagina	within_cervix_vagina	1.0	0.7927565026162129	True	0.9171603139616661
L_iners.fna	2C	3V	2	3	cervix	vagina	between_cervix_vagina	0.990739565274312	0.7645924016076439	False	0.9726218652459008
L_iners.fna	2C	4V	2	4	cervix	vagina	between_cervix_vagina	0.9906204071870018	0.7672488056419201	False	0.9860849216044696
L_iners.fna	2C	6V	2	6	cervix	vagina	between_cervix_vagina	0.9917194684432968	0.7835497080458027	False	0.9640080457829889
L_iners.fna	2C	8C	2	8	cervix	cervix	other	0.9909539068277052	0.769128687343596	False	0.6651446168602766
L_iners.fna	2C	8V	2	8	cervix	vagina	between_cervix_vagina	0.9907558942361786	0.7710290437552134	False	0.9288013010791311
L_iners.fna	2C	9C	2	9	cervix	cervix	other	0.9922001775350948	0.6210608933040115	False	0.9391995569263584
L_iners.fna	2C	9V	2	9	cervix	vagina	between_cervix_vagina	0.9927891020678282	0.782626071130659	False	0.9808070945120667
L_iners.fna	2V	3V	2	3	vagina	vagina	other	0.9907843386871455	0.8994714491544703	False	0.9043487693809619
L_iners.fna	2V	4V	2	4	vagina	vagina	other	0.9907213431579892	0.9110995677561234	False	0.8858201648330383
L_iners.fna	2V	6V	2	6	vagina	vagina	other	0.991708756671022	0.933264578751801	False	0.4429355467206161
L_iners.fna	2V	8C	2	8	vagina	cervix	between_cervix_vagina	0.990976523092752	0.9080397361037386	False	0.6611992620700433
L_iners.fna	2V	8V	2	8	vagina	vagina	other	0.990801319781805	0.9147342079320544	False	0.1533440289862003
L_iners.fna	2V	9C	2	9	vagina	cervix	between_cervix_vagina	0.9920920406531918	0.7171881398346857	False	0.8895027113497039
L_iners.fna	2V	9V	2	9	vagina	vagina	other	0.9926844051401166	0.9320960036399484	False	0.6336628508812588
L_iners.fna	3V	4V	3	4	vagina	vagina	other	0.9999802251205238	0.9203465534238264	True	0.6030826072227191
L_iners.fna	3V	6V	3	6	vagina	vagina	other	0.989714261684994	0.9016645180859938	False	0.8883232421811441
L_iners.fna	3V	8C	3	8	vagina	cervix	between_cervix_vagina	0.9909937638611735	0.8869598847349662	False	0.9250927788323703
L_iners.fna	3V	8V	3	8	vagina	vagina	other	0.990810670008138	0.8908258133009782	False	0.9351814194149491
L_iners.fna	3V	9C	3	9	vagina	cervix	between_cervix_vagina	0.9907494615334108	0.7045021612193827	False	0.7404326817287361
L_iners.fna	3V	9V	3	9	vagina	vagina	other	0.9912565079210636	0.9040729506331994	False	0.580262455528823
L_iners.fna	4V	6V	4	6	vagina	vagina	other	0.9896456299676442	0.9133381360430728	False	0.8795584842963591
L_iners.fna	4V	8C	4	8	vagina	cervix	between_cervix_vagina	0.9909106131361428	0.8966997800864488	False	0.9326652647158921
L_iners.fna	4V	8V	4	8	vagina	vagina	other	0.9907348929708812	0.9029377417153256	False	0.9042511089432791
L_iners.fna	4V	9C	4	9	vagina	cervix	between_cervix_vagina	0.9905792130808956	0.7064207173731706	False	0.8531819354587007
L_iners.fna	4V	9V	4	9	vagina	vagina	other	0.9911756816721748	0.9159869568514446	False	0.7015727218977383
L_iners.fna	6V	8C	6	8	vagina	cervix	between_cervix_vagina	0.9903410657565582	0.9103230454235232	False	0.8329637561728379
L_iners.fna	6V	8V	6	8	vagina	vagina	other	0.9901788724294524	0.917758398422689	False	0.3393398046564513
L_iners.fna	6V	9C	6	9	vagina	cervix	between_cervix_vagina	0.9918579850775322	0.7206938651702435	False	0.8932621615001862
L_iners.fna	6V	9V	6	9	vagina	vagina	other	0.9925845293400852	0.939074088117085	False	0.6048686310259492
L_iners.fna	8C	8V	8	8	cervix	vagina	within_cervix_vagina	0.999999171560672	0.9153628573595208	True	0.6898164432169075
L_iners.fna	8C	9C	8	9	cervix	cervix	other	0.9905824922857616	0.704331538636536	False	0.9333177435619301
L_iners.fna	8C	9V	8	9	cervix	vagina	between_cervix_vagina	0.9913246771392644	0.9117888829908244	False	0.9080638893511274
L_iners.fna	8V	9C	8	9	vagina	cervix	between_cervix_vagina	0.99037941426474	0.7065685902783044	False	0.9489256912528968
L_iners.fna	8V	9V	8	9	vagina	vagina	other	0.9911298399378295	0.9192037612800484	False	0.5841700446311439
L_iners.fna	9C	9V	9	9	cervix	vagina	within_cervix_vagina	0.9999947944321246	0.7283764313338894	True	0.6131283129811648
Lactobacillus_mulieris.fna	18C	18V	18	18	cervix	vagina	within_cervix_vagina	0.9999993268794536	0.8678055405464609	True	0.367338612932385
Megasphaera_lornae.fna	12V	13C	12	13	vagina	cervix	between_cervix_vagina	0.9999814919882648	0.9549618567187576	True	0.7704614714608726
Megasphaera_lornae.fna	12V	13V	12	13	vagina	vagina	other	0.9999929889595234	0.9562203991133524	True	0.71428756127408
Megasphaera_lornae.fna	12V	14V	12	14	vagina	vagina	other	0.9933028462239148	0.917314069406937	False	0.44311418938233743
Megasphaera_lornae.fna	12V	16V	12	16	vagina	vagina	other	0.9932358368739224	0.9240846008653164	False	0.2951069655475334
Megasphaera_lornae.fna	12V	5V	12	5	vagina	vagina	other	0.994817278743152	0.9192424123301806	False	0.6124363894549463
Megasphaera_lornae.fna	12V	7V	12	7	vagina	vagina	other	0.9956702717250714	0.932974237362924	False	0.7900076043948817
Megasphaera_lornae.fna	12V	9C	12	9	vagina	cervix	between_cervix_vagina	0.9959098920190338	0.9219197860538876	False	0.5539472139968824
Megasphaera_lornae.fna	12V	9V	12	9	vagina	vagina	other	0.99606172724352	0.9409045781079446	False	0.5297293737773033
Megasphaera_lornae.fna	13C	13V	13	13	cervix	vagina	within_cervix_vagina	0.9999968215948474	0.9587569867386808	True	0.2690404244008342
Megasphaera_lornae.fna	13C	14V	13	14	cervix	vagina	between_cervix_vagina	0.9932908382174864	0.9190333663053156	False	0.6895407428332337
Megasphaera_lornae.fna	13C	16V	13	16	cervix	vagina	between_cervix_vagina	0.9931840221840228	0.9257331999826912	False	0.8330604980545752
Megasphaera_lornae.fna	13C	5V	13	5	cervix	vagina	between_cervix_vagina	0.9947825672154412	0.9199018519771304	False	0.736842799114108
Megasphaera_lornae.fna	13C	7V	13	7	cervix	vagina	between_cervix_vagina	0.9956904371295856	0.933945722388098	False	0.6124246487033653
Megasphaera_lornae.fna	13C	9C	13	9	cervix	cervix	other	0.9958672077793737	0.925080464435664	False	0.7290223746256466
Megasphaera_lornae.fna	13C	9V	13	9	cervix	vagina	between_cervix_vagina	0.9960022987911974	0.943839754946864	False	0.5808065737347841
Megasphaera_lornae.fna	13V	14V	13	14	vagina	vagina	other	0.9933336646950645	0.919634906907478	False	0.7323801747531562
Megasphaera_lornae.fna	13V	16V	13	16	vagina	vagina	other	0.9932276077789408	0.92629146866717	False	0.8325750002442637
Megasphaera_lornae.fna	13V	5V	13	5	vagina	vagina	other	0.994861618480964	0.920769728185316	False	0.7577368688247927
Megasphaera_lornae.fna	13V	7V	13	7	vagina	vagina	other	0.9957076004939128	0.9348404149959744	False	0.562758955605636
Megasphaera_lornae.fna	13V	9C	13	9	vagina	cervix	between_cervix_vagina	0.9958887777787286	0.9257831760002976	False	0.716885800254556
Megasphaera_lornae.fna	13V	9V	13	9	vagina	vagina	other	0.996065587729846	0.9447710153725012	False	0.6810022940448933
Megasphaera_lornae.fna	14V	16V	14	16	vagina	vagina	other	0.9937952834609606	0.9194922924182116	False	0.5509669058171862
Megasphaera_lornae.fna	14V	5V	14	5	vagina	vagina	other	0.996123789479891	0.9095860705868586	False	0.7266717393712565
Megasphaera_lornae.fna	14V	7V	14	7	vagina	vagina	other	0.9974669343410486	0.9289688423908772	False	0.8026555190729956
Megasphaera_lornae.fna	14V	9C	14	9	vagina	cervix	between_cervix_vagina	0.9974560929192046	0.9197391251880958	False	0.676468351172554
Megasphaera_lornae.fna	14V	9V	14	9	vagina	vagina	other	0.997712698153293	0.932326986988561	False	0.5064717413416606
Megasphaera_lornae.fna	16V	5V	16	5	vagina	vagina	other	0.9953991073351108	0.9170647987825354	False	0.6684058422208184
Megasphaera_lornae.fna	16V	7V	16	7	vagina	vagina	other	0.9963351715377008	0.9297873520450856	False	0.8499339521047888
Megasphaera_lornae.fna	16V	9C	16	9	vagina	cervix	between_cervix_vagina	0.9967130268353588	0.922824839543463	False	0.6989471598557849
Megasphaera_lornae.fna	16V	9V	16	9	vagina	vagina	other	0.9969848789077984	0.9379096738333494	False	0.5736814900575647
Megasphaera_lornae.fna	5V	7V	5	7	vagina	vagina	other	0.9980856681679348	0.921677828993038	False	0.5768845693236526
Megasphaera_lornae.fna	5V	9C	5	9	vagina	cervix	between_cervix_vagina	0.998178258958891	0.9153290463661644	False	0.6667324521540864
Megasphaera_lornae.fna	5V	9V	5	9	vagina	vagina	other	0.9982658486707566	0.9313366085908774	False	0.6517473289257086
Megasphaera_lornae.fna	7V	9C	7	9	vagina	cervix	between_cervix_vagina	0.9990273580850776	0.933016899816978	True	0.8641892851899176
Megasphaera_lornae.fna	7V	9V	7	9	vagina	vagina	other	0.9991852958081866	0.9500611596752048	True	0.6378270839009937
Megasphaera_lornae.fna	9C	9V	9	9	cervix	vagina	within_cervix_vagina	1.0	0.9464555728440072	True	0.6131283129811648
Mobiluncus_curtisii.fna	13C	9C	13	9	cervix	cervix	other	0.987487461431659	0.9412592888210838	False	0.7290223746256466
Mobiluncus_curtisii.fna	13C	9V	13	9	cervix	vagina	between_cervix_vagina	0.98752538392516	0.9413264764868428	False	0.5808065737347841
Mobiluncus_curtisii.fna	9C	9V	9	9	cervix	vagina	within_cervix_vagina	0.999997360864792	0.957075669477098	True	0.6131283129811648
P_bivia.fna	13C	13V	13	13	cervix	vagina	within_cervix_vagina	0.9999946371854876	0.8875128012508141	True	0.2690404244008342
P_bivia.fna	13C	3C	13	3	cervix	cervix	other	0.993487781036168	0.8115060934350505	False	0.7159985571382507
P_bivia.fna	13C	3V	13	3	cervix	vagina	between_cervix_vagina	0.99316459803152	0.8483970969817208	False	0.5227860590496283
P_bivia.fna	13C	4V	13	4	cervix	vagina	between_cervix_vagina	0.9934979101487934	0.7999601782933622	False	0.7921837474486005
P_bivia.fna	13V	3C	13	3	vagina	cervix	between_cervix_vagina	0.9934858084556932	0.8115647947555923	False	0.7269101888183913
P_bivia.fna	13V	3V	13	3	vagina	vagina	other	0.9931785549476984	0.8483304630502951	False	0.5184701515888595
P_bivia.fna	13V	4V	13	4	vagina	vagina	other	0.9934943491423806	0.7999490726381246	False	0.8421782509083076
P_bivia.fna	3C	3V	3	3	cervix	vagina	within_cervix_vagina	0.9999948219406614	0.842581303312103	True	0.38032435451863983
P_bivia.fna	3C	4V	3	4	cervix	vagina	between_cervix_vagina	0.9999946656967934	0.8179017609602901	True	0.711773075069876
P_bivia.fna	3V	4V	3	4	vagina	vagina	other	0.9999947435346672	0.8300132712580089	True	0.6030826072227191
Prevotella_amnii.fna	7C	7V	7	7	cervix	vagina	within_cervix_vagina	1.0	0.8019705330951821	True	0.8104106945069304
Prevotella_amnii.fna	7C	9V	7	9	cervix	vagina	between_cervix_vagina	0.98777567172972	0.7689313600100447	False	0.7125573388896032
Prevotella_amnii.fna	7V	9V	7	9	vagina	vagina	other	0.9875526843837128	0.7938239888523565	False	0.6378270839009937
Prevotella_disiens.fna	3V	5V	3	5	vagina	vagina	other	0.9913077522289626	0.5414215536305866	False	0.7405157700781704
Sneathia_vaginalis.fna	11V	12V	11	12	vagina	vagina	other	0.9895042996133232	0.5631967042727289	False	0.6494060168717264
Sneathia_vaginalis.fna	11V	13C	11	13	vagina	cervix	between_cervix_vagina	0.988703926040461	0.8398767881777123	False	0.7966159204251014
Sneathia_vaginalis.fna	11V	13V	11	13	vagina	vagina	other	0.9887383858413072	0.8394262713305743	False	0.7385824466314016
Sneathia_vaginalis.fna	11V	14V	11	14	vagina	vagina	other	0.988561880461535	0.836914413137555	False	0.7528178329125569
Sneathia_vaginalis.fna	11V	7C	11	7	vagina	cervix	between_cervix_vagina	0.9911867432618124	0.8163455978230059	False	0.3529159524804394
Sneathia_vaginalis.fna	11V	7V	11	7	vagina	vagina	other	0.9915268446597154	0.843046280023433	False	0.8263894232490596
Sneathia_vaginalis.fna	11V	9C	11	9	vagina	cervix	between_cervix_vagina	0.99096722829231	0.6703108641835327	False	0.597289292171435
Sneathia_vaginalis.fna	11V	9V	11	9	vagina	vagina	other	0.9907319497067408	0.8518925865033921	False	0.780499591459459
Sneathia_vaginalis.fna	12V	13C	12	13	vagina	cervix	between_cervix_vagina	0.9999974178621964	0.5854844378933046	True	0.7704614714608726
Sneathia_vaginalis.fna	12V	13V	12	13	vagina	vagina	other	0.9999974175221124	0.585407336016781	True	0.71428756127408
Sneathia_vaginalis.fna	12V	14V	12	14	vagina	vagina	other	0.9900452170526703	0.5590218644292004	False	0.44311418938233743
Sneathia_vaginalis.fna	12V	7C	12	7	vagina	cervix	between_cervix_vagina	0.9893257134892148	0.54230209573483	False	0.6985629487304809
Sneathia_vaginalis.fna	12V	7V	12	7	vagina	vagina	other	0.9896739204121756	0.5575145983332388	False	0.7900076043948817
Sneathia_vaginalis.fna	12V	9C	12	9	vagina	cervix	between_cervix_vagina	0.989733547754358	0.4578203601867074	False	0.5539472139968824
Sneathia_vaginalis.fna	12V	9V	12	9	vagina	vagina	other	0.9894875024439164	0.5683368293743032	False	0.5297293737773033
Sneathia_vaginalis.fna	13C	13V	13	13	cervix	vagina	within_cervix_vagina	0.9999966121103504	0.8924738741803201	True	0.2690404244008342
Sneathia_vaginalis.fna	13C	14V	13	14	cervix	vagina	between_cervix_vagina	0.9890953117424478	0.8372334032541527	False	0.6895407428332337
Sneathia_vaginalis.fna	13C	7C	13	7	cervix	cervix	other	0.9887003596314408	0.8111140087306536	False	0.8052882916359523
Sneathia_vaginalis.fna	13C	7V	13	7	cervix	vagina	between_cervix_vagina	0.9888861253642895	0.8388185271273881	False	0.6124246487033653
Sneathia_vaginalis.fna	13C	9C	13	9	cervix	cervix	other	0.9888746309476774	0.6638796606005631	False	0.7290223746256466
Sneathia_vaginalis.fna	13C	9V	13	9	cervix	vagina	between_cervix_vagina	0.9885505505093564	0.8449330082960107	False	0.5808065737347841
Sneathia_vaginalis.fna	13V	14V	13	14	vagina	vagina	other	0.9891022005137302	0.8369302870533099	False	0.7323801747531562
Sneathia_vaginalis.fna	13V	7C	13	7	vagina	cervix	between_cervix_vagina	0.9887296734607492	0.8107421055615398	False	0.7652740954043163
Sneathia_vaginalis.fna	13V	7V	13	7	vagina	vagina	other	0.9889215262753006	0.8381556021694352	False	0.562758955605636
Sneathia_vaginalis.fna	13V	9C	13	9	vagina	cervix	between_cervix_vagina	0.9888972178109314	0.6635281667517055	False	0.716885800254556
Sneathia_vaginalis.fna	13V	9V	13	9	vagina	vagina	other	0.9885710398312868	0.8444635939301169	False	0.6810022940448933
Sneathia_vaginalis.fna	14V	7C	14	7	vagina	cervix	between_cervix_vagina	0.9897742128470453	0.818749362208742	False	0.8059021240893667
Sneathia_vaginalis.fna	14V	7V	14	7	vagina	vagina	other	0.990048039337166	0.8479611467014381	False	0.8026555190729956
Sneathia_vaginalis.fna	14V	9C	14	9	vagina	cervix	between_cervix_vagina	0.9894986213493896	0.6716556116181945	False	0.676468351172554
Sneathia_vaginalis.fna	14V	9V	14	9	vagina	vagina	other	0.989046064884616	0.8523083319160194	False	0.5064717413416606
Sneathia_vaginalis.fna	7C	7V	7	7	cervix	vagina	within_cervix_vagina	0.9999982134051782	0.8461915830451462	True	0.8104106945069304
Sneathia_vaginalis.fna	7C	9C	7	9	cervix	cervix	other	0.9910468536702997	0.6473133397584897	False	0.6090938840830316
Sneathia_vaginalis.fna	7C	9V	7	9	cervix	vagina	between_cervix_vagina	0.9909509285561436	0.8230557287828109	False	0.7125573388896032
Sneathia_vaginalis.fna	7V	9C	7	9	vagina	cervix	between_cervix_vagina	0.9913486752870964	0.6687605117448079	False	0.8641892851899176
Sneathia_vaginalis.fna	7V	9V	7	9	vagina	vagina	other	0.9912185649919374	0.8517557684676001	False	0.6378270839009937
Sneathia_vaginalis.fna	9C	9V	9	9	cervix	vagina	within_cervix_vagina	0.9999912041903236	0.6875098739535499	True	0.6131283129811648
