genome	s1	s2	subject1	subject2	site1	site2	pair_class	popANI	breadth	shared_strain	bray_curtis	verdict	is_generalist	confidence
G_vaginalis.fna	21C	21V	21	21	cervix	vagina	within_cervix_vagina	1.0	0.9028664884257344	True	0.1547595691262299	contamination_suspect	False	medium
L_iners.fna	1C	1V	1	1	cervix	vagina	within_cervix_vagina	1.0	0.9461970122089935	True	0.438576884193625	contamination_suspect	False	medium
L_iners.fna	36C	36V	36	36	cervix	vagina	within_cervix_vagina	1.0	0.9424812315158868	True	0.4787711806114968	contamination_suspect	False	medium
Megasphaera_lornae.fna	21C	21V	21	21	cervix	vagina	within_cervix_vagina	0.9999993486381652	0.9356759896318048	True	0.1547595691262299	contamination_suspect	False	medium
Prevotella_amnii.fna	21C	21V	21	21	cervix	vagina	within_cervix_vagina	0.9999989835807636	0.8011077210699068	True	0.1547595691262299	contamination_suspect	False	medium
G_vaginalis.fna	29C	29V	29	29	cervix	vagina	within_cervix_vagina	0.9999986866160926	0.9132652755237776	True	0.3189908648547142	contamination_suspect	False	medium
Gardnerella_leopoldii.fna	3C	3V	3	3	cervix	vagina	within_cervix_vagina	0.9999985677589652	0.9104810625744518	True	0.3803243545186398	contamination_suspect	False	medium
Megasphaera_lornae.fna	38C	38V	38	38	cervix	vagina	within_cervix_vagina	0.9999984242749892	0.7735659777899264	True	0.3172712011126508	contamination_suspect	False	medium
Fannyhessea_vaginae.fna	38C	38V	38	38	cervix	vagina	within_cervix_vagina	0.9999984131278756	0.8633980592500745	True	0.3172712011126508	contamination_suspect	False	medium
L_iners.fna	32C	32V	32	32	cervix	vagina	within_cervix_vagina	0.999998354440378	0.9216592098278608	True	0.1590102083383665	contamination_suspect	False	medium
Fannyhessea_vaginae.fna	29C	29V	29	29	cervix	vagina	within_cervix_vagina	0.9999980412512488	0.6994783335445575	True	0.3189908648547142	contamination_suspect	False	medium
Gardnerella_leopoldii.fna	27C	27V	27	27	cervix	vagina	within_cervix_vagina	0.9999978399255206	0.9055440112824532	True	0.217883480906934	contamination_suspect	False	medium
Gardnerella_swidsinskii.fna	42C	42V	42	42	cervix	vagina	within_cervix_vagina	0.999997750217104	0.9104348295113552	True	0.2875804750689081	contamination_suspect	False	medium
Gardnerella_swidsinskii.fna	36C	36V	36	36	cervix	vagina	within_cervix_vagina	0.9999976727335916	0.8801230060840765	True	0.4787711806114968	contamination_suspect	False	medium
L_iners.fna	33C	33V	33	33	cervix	vagina	within_cervix_vagina	0.9999975285249412	0.9204898763934176	True	0.47039021941864	contamination_suspect	False	medium
Sneathia_vaginalis.fna	22C	22V	22	22	cervix	vagina	within_cervix_vagina	0.9999974232426944	0.8800604720600185	True	0.2148888804022617	contamination_suspect	False	medium
Fannyhessea_vaginae.fna	22C	22V	22	22	cervix	vagina	within_cervix_vagina	0.9999968133507856	0.8599015581488547	True	0.2148888804022617	contamination_suspect	False	medium
L_iners.fna	25C	25V	25	25	cervix	vagina	within_cervix_vagina	0.99999675141415	0.9337263972093728	True	0.4129031028323623	contamination_suspect	False	medium
Fannyhessea_vaginae.fna	21C	21V	21	21	cervix	vagina	within_cervix_vagina	0.999996116206217	0.8819355435367136	True	0.1547595691262299	contamination_suspect	False	medium
Aerococcus_christensenii.fna	36C	36V	36	36	cervix	vagina	within_cervix_vagina	0.9999952183172875	0.6730689265856745	True	0.4787711806114968	contamination_suspect	False	medium
L_iners.fna	27C	27V	27	27	cervix	vagina	within_cervix_vagina	0.999994937751214	0.8987973003715781	True	0.217883480906934	contamination_suspect	False	medium
P_bivia.fna	3C	3V	3	3	cervix	vagina	within_cervix_vagina	0.9999948219406614	0.842581303312103	True	0.3803243545186398	contamination_suspect	False	medium
Sneathia_vaginalis.fna	38C	38V	38	38	cervix	vagina	within_cervix_vagina	0.9999945189381648	0.6895568531851768	True	0.3172712011126508	contamination_suspect	False	medium
Sneathia_vaginalis.fna	42C	42V	42	42	cervix	vagina	within_cervix_vagina	0.9999941968879844	0.7815469508853488	True	0.2875804750689081	contamination_suspect	False	medium
G_vaginalis.fna	38C	38V	38	38	cervix	vagina	within_cervix_vagina	0.99999364684461	0.9439938443306548	True	0.3172712011126508	contamination_suspect	False	medium
G_vaginalis.fna	27C	27V	27	27	cervix	vagina	within_cervix_vagina	0.9999935630923162	0.9317112928704826	True	0.217883480906934	contamination_suspect	False	medium
Prevotella_amnii.fna	22C	22V	22	22	cervix	vagina	within_cervix_vagina	0.999993510565684	0.6901120993529065	True	0.2148888804022617	contamination_suspect	False	medium
Prevotella_amnii.fna	42C	42V	42	42	cervix	vagina	within_cervix_vagina	0.9999932368587334	0.8427783572604016	True	0.2875804750689081	contamination_suspect	False	medium
Prevotella_amnii.fna	31C	31V	31	31	cervix	vagina	within_cervix_vagina	0.9999930391132228	0.8188366323129825	True	0.3000974360043508	contamination_suspect	False	medium
Gardnerella_swidsinskii.fna	38C	38V	38	38	cervix	vagina	within_cervix_vagina	0.9999929172785352	0.867582066073439	True	0.3172712011126508	contamination_suspect	False	medium
Aerococcus_christensenii.fna	3C	3V	3	3	cervix	vagina	within_cervix_vagina	0.9999924972865186	0.7721371348240114	True	0.3803243545186398	contamination_suspect	False	medium
L_crispatus.fna	40C	40V	40	40	cervix	vagina	within_cervix_vagina	0.9999923192626492	0.7722703368805982	True	0.2268767375447899	contamination_suspect	True	low_generalist
Megasphaera_lornae.fna	31C	31V	31	31	cervix	vagina	within_cervix_vagina	0.9999915258380456	0.9349629171854724	True	0.3000974360043508	contamination_suspect	False	medium
Fannyhessea_vaginae.fna	3C	3V	3	3	cervix	vagina	within_cervix_vagina	0.99999122366101	0.8586225676402386	True	0.3803243545186398	contamination_suspect	False	medium
G_vaginalis.fna	1C	1V	1	1	cervix	vagina	within_cervix_vagina	0.9999893392109817	0.9000969170076154	True	0.438576884193625	contamination_suspect	False	medium
G_vaginalis.fna	3C	3V	3	3	cervix	vagina	within_cervix_vagina	0.9999889400335532	0.8676105279697927	True	0.3803243545186398	contamination_suspect	False	medium
Megasphaera_lornae.fna	22C	22V	22	22	cervix	vagina	within_cervix_vagina	0.999988513595436	0.9550721696356688	True	0.2148888804022617	contamination_suspect	False	medium
Fannyhessea_vaginae.fna	42C	42V	42	42	cervix	vagina	within_cervix_vagina	0.9999858385867209	0.9191153249368896	True	0.2875804750689081	contamination_suspect	False	medium
Megasphaera_lornae.fna	42C	42V	42	42	cervix	vagina	within_cervix_vagina	0.9999850492562004	0.937589705427944	True	0.2875804750689081	contamination_suspect	False	medium
Gardnerella_leopoldii.fna	42C	42V	42	42	cervix	vagina	within_cervix_vagina	0.999984795865489	0.5146080514621744	True	0.2875804750689081	contamination_suspect	False	medium
G_vaginalis.fna	22C	22V	22	22	cervix	vagina	within_cervix_vagina	0.9999846627584588	0.860268584855758	True	0.2148888804022617	contamination_suspect	False	medium
Aerococcus_christensenii.fna	42C	42V	42	42	cervix	vagina	within_cervix_vagina	0.999983235329866	0.7679010740451323	True	0.2875804750689081	contamination_suspect	False	medium
Gardnerella_leopoldii.fna	33C	33V	33	33	cervix	vagina	within_cervix_vagina	0.9999819565016363	0.5781709568112334	True	0.47039021941864	contamination_suspect	False	medium
Gardnerella_piotii.fna	22C	22V	22	22	cervix	vagina	within_cervix_vagina	0.999980330620416	0.9040712091125536	True	0.2148888804022617	contamination_suspect	False	medium
Gardnerella_piotii.fna	3C	3V	3	3	cervix	vagina	within_cervix_vagina	0.999978807642267	0.8701783850178978	True	0.3803243545186398	contamination_suspect	False	medium
Gardnerella_piotii.fna	42C	42V	42	42	cervix	vagina	within_cervix_vagina	0.9999622681498228	0.8203879882371925	True	0.2875804750689081	contamination_suspect	False	medium
Gardnerella_leopoldii.fna	22C	22V	22	22	cervix	vagina	within_cervix_vagina	0.9999544924029082	0.7307070637259089	True	0.2148888804022617	contamination_suspect	False	medium
Gardnerella_swidsinskii.fna	22C	22V	22	22	cervix	vagina	within_cervix_vagina	0.9999539350945482	0.6521548254421043	True	0.2148888804022617	contamination_suspect	False	medium
Gardnerella_piotii.fna	31C	31V	31	31	cervix	vagina	within_cervix_vagina	0.9999522818510947	0.8557317342237766	True	0.3000974360043508	contamination_suspect	False	medium
G_vaginalis.fna	31C	31V	31	31	cervix	vagina	within_cervix_vagina	0.9999263929761234	0.8147781644062694	True	0.3000974360043508	contamination_suspect	False	medium
L_iners.fna	22C	22V	22	22	cervix	vagina	within_cervix_vagina	0.9999126323862036	0.9374050200955486	True	0.2148888804022617	contamination_suspect	False	medium
Mobiluncus_curtisii.fna	42C	42V	42	42	cervix	vagina	within_cervix_vagina	0.999825992402367	0.7228847251620334	True	0.2875804750689081	contamination_suspect	False	medium
L_iners.fna	23C	23V	23	23	cervix	vagina	within_cervix_vagina	1.0	0.8156024872980966	True	0.9031383527640402	translocation_candidate	False	high
L_iners.fna	2C	2V	2	2	cervix	vagina	within_cervix_vagina	1.0	0.7927565026162129	True	0.917160313961666	translocation_candidate	False	high
Prevotella_amnii.fna	7C	7V	7	7	cervix	vagina	within_cervix_vagina	1.0	0.7957319679799887	True	0.8104106945069303	translocation_candidate	False	high
Sneathia_vaginalis.fna	28C	28V	28	28	cervix	vagina	within_cervix_vagina	1.0	0.7317330914450932	True	0.8011329277728844	translocation_candidate	False	high
Gardnerella_swidsinskii.fna	7C	7V	7	7	cervix	vagina	within_cervix_vagina	0.9999992028525124	0.8565042812480584	True	0.8104106945069303	translocation_candidate	False	high
L_iners.fna	8C	8V	8	8	cervix	vagina	within_cervix_vagina	0.999999171560672	0.9153628573595208	True	0.6898164432169075	translocation_candidate	False	high
Sneathia_vaginalis.fna	7C	7V	7	7	cervix	vagina	within_cervix_vagina	0.9999982134051782	0.8461915830451462	True	0.8104106945069303	translocation_candidate	False	high
Gardnerella_piotii.fna	41C	41V	41	41	cervix	vagina	within_cervix_vagina	0.9999958360745842	0.79085451593676	True	0.8826014716425424	translocation_candidate	False	high
Gardnerella_piotii.fna	7C	7V	7	7	cervix	vagina	within_cervix_vagina	0.9999910155700172	0.8796709575228291	True	0.8104106945069303	translocation_candidate	False	high
L_iners.fna	41C	41V	41	41	cervix	vagina	within_cervix_vagina	0.99999090958675	0.6673602790627132	True	0.8826014716425424	translocation_candidate	False	high
Fannyhessea_vaginae.fna	28C	28V	28	28	cervix	vagina	within_cervix_vagina	0.9999901283154464	0.8327468153684376	True	0.8011329277728844	translocation_candidate	False	high
Gardnerella_leopoldii.fna	35C	35V	35	35	cervix	vagina	within_cervix_vagina	0.999989344396218	0.5507081199888636	True	0.9702386012320532	translocation_candidate	False	high
Prevotella_amnii.fna	39C	39V	39	39	cervix	vagina	within_cervix_vagina	0.999988023484385	0.7818638766817549	True	0.671872635312406	translocation_candidate	False	high
L_iners.fna	28C	28V	28	28	cervix	vagina	within_cervix_vagina	0.9999838671036532	0.9400947903238036	True	0.8011329277728844	translocation_candidate	False	high
Sneathia_vaginalis.fna	39C	39V	39	39	cervix	vagina	within_cervix_vagina	0.9999838429328988	0.8889060226392275	True	0.671872635312406	translocation_candidate	False	high
Megasphaera_lornae.fna	39C	39V	39	39	cervix	vagina	within_cervix_vagina	0.9999803687726064	0.7450948843451344	True	0.671872635312406	translocation_candidate	False	high
L_crispatus.fna	34C	34V	34	34	cervix	vagina	within_cervix_vagina	0.9999783146899904	0.5470621004507525	True	0.8683535150822901	translocation_candidate	True	low_generalist
Gardnerella_leopoldii.fna	39C	39V	39	39	cervix	vagina	within_cervix_vagina	0.9999779315964368	0.7681737539520209	True	0.671872635312406	translocation_candidate	False	high
Gardnerella_piotii.fna	39C	39V	39	39	cervix	vagina	within_cervix_vagina	0.9999698913076204	0.7874811060727305	True	0.671872635312406	translocation_candidate	False	high
G_vaginalis.fna	39C	39V	39	39	cervix	vagina	within_cervix_vagina	0.9999693636837108	0.8026125610679102	True	0.671872635312406	translocation_candidate	False	high
Gardnerella_piotii.fna	28C	28V	28	28	cervix	vagina	within_cervix_vagina	0.9999625977134736	0.7923989607105104	True	0.8011329277728844	translocation_candidate	False	high
L_iners.fna	26C	26V	26	26	cervix	vagina	within_cervix_vagina	0.9999163086536852	0.9242162736027906	True	0.5735025680176257	translocation_candidate	False	high
Gardnerella_swidsinskii.fna	39C	39V	39	39	cervix	vagina	within_cervix_vagina	0.99989118194379	0.6839018108849734	True	0.671872635312406	translocation_candidate	False	high
L_iners.fna	24C	24V	24	24	cervix	vagina	within_cervix_vagina	0.9994654263486128	0.9433396526882536	True	0.7186155597467219	translocation_candidate	False	high
