sample	genomes	cov_ge5	max_cov
SRS016495	32	9	25.0
SRS042428	28	2	41.6
SRS015072	26	2	13.6
SRS016203	33	5	43.1
SRS064376	27	1	65.8
SRS063985	32	7	86.7
SRS064276	33	9	125.7
SRS012294	19	1	35.4
SRS065347	24	2	87.6
SRS057807	25	2	129.7
SRS014979	32	6	59.2
SRS015065	32	7	111.0
SRS016516	20	1	26.7
SRS050184	30	2	29.3
SRS062752	30	1	65.3
SRS018769	27	1	16.3
SRS021969	22	1	14.8
SRS012273	33	9	85.4
SRS019989	32	1	84.1
SRS011355	28	3	180.2
SRS015425	29	1	109.8
SRS011302	33	8	51.8
SRS042858	28	1	90.6
SRS054962	33	1	111.8
SRS056695	27	1	79.0
SRS014466	30	1	13.4
SRS020349	31	1	52.9
SRS017700	33	3	366.0
SRS054956	33	5	150.1
SRS015071	31	0	4.5
SRS053335	32	8	167.2
SRS016095	32	5	109.9
SRS043411	31	7	135.9
SRS055298	28	1	112.7
SRS014494	31	1	8.5
SRS044742	27	0	4.4
SRS015168	31	1	54.2
SRS017497	30	6	88.4
SRS019600	22	1	27.1
SRS016191	32	2	186.8
SRS024388	31	6	36.0
SRS013542	31	5	20.0
SRS016111	27	1	18.7
SRS062520	25	1	25.4
SRS014629	23	1	42.8
SRS011584	27	1	15.4
SRS015054	25	2	158.3
SRS015133	33	9	76.5
SRS015225	29	2	46.0
SRS024068	31	2	45.1
SRS051505	30	2	17.5
SRS049237	27	2	15.3
SRS022158	25	1	16.6
SRS011269	32	2	198.6
SRS023346	30	3	56.7
SRS019601	32	7	63.4
SRS052330	24	1	22.9
SRS018656	33	3	25.1
SRS063417	18	1	8.7
SRS064704	30	2	36.5
SRS016559	23	1	27.8
SRS015217	33	6	31.4
SRS022071	33	10	71.4
SRS022092	26	1	26.6
SRS015073	31	1	9.7
SRS047335	28	3	300.8
SRS052756	25	1	20.6
SRS057717	31	3	93.7
SRS024428	26	2	38.6
SRS052697	33	7	127.0
SRS020328	33	8	81.4
SRS014465	28	1	9.0
SRS014459	33	7	57.1
SRS077751	13	1	32.6
SRS021948	33	8	117.0
